Workbook

Sheet Bangalore DP
C1: Demand Plan | I1: Primary Sales
B2: SKU Code | C2: 46113 | D2: 46143 | E2: 46174 | F2: 46204 | G2: 46235 | H2: 46266 | I2: 46113 | J2: 46143 | K2: 46174 | L2: 46204 | M2: 46235 | Q2: Row Labels | R2: 46113 | T2: Row Labels | U2: 46143 | W2: Row Labels | X2: 46174 | Z2: Row Labels | AA2: 46204 | AC2: Row Labels | AD2: 46235
A3: Product | C3: TOTAL (in pcs) | D3: TOTAL (in pcs) | E3: TOTAL (in pcs) | F3: TOTAL (in pcs) | G3: TOTAL (in pcs) | H3: TOTAL (in pcs) | I3: TOTAL (in pcs) | J3: TOTAL (in pcs) | K3: TOTAL (in pcs) | L3: TOTAL (in pcs) | M3: TOTAL (in pcs) | Q3: BIBMSA01 | R3: 364 | T3: ACSAPM01 | U3: 20 | W3: ACSAPM01 | X3: 20 | Z3: BIBMSA01 | AA3: 517 | AC3: BIBMSA01 | AD3: 594
A4: Compound Chocolate & Cocoa | Q4: BICCPSA01 | R4: 266 | T4: BIBMSA01 | U4: 210 | W4: BIBMSA01 | X4: 154 | Z4: BICCPSA01 | AA4: 953 | AC4: BICCPSA01 | AD4: 14
A5: The Select Aisle Dark Compound Chocolate Chips - 150g | B5: CHCCSA35 | C5: 5604.2981 | D5: 5604.2981 | E5: 9413.8885 | F5: 9526.9681 | G5: 13545.779 | H5: 13413.368 | I5: =IFERROR(VLOOKUP($B5,$Q$2:$R$81,2,FALSE),"-") -> 13920 | J5: =IFERROR(VLOOKUP($B5,$T$2:$U$81,2,FALSE),"-") -> 13680 | K5: =IFERROR(VLOOKUP($B5,$W$2:$X$81,2,FALSE),"-") -> 16712 | L5: =IFERROR(VLOOKUP($B5,$Z$2:$AA$81,2,FALSE),"-") -> 18760 | M5: =IFERROR(VLOOKUP($B5,$AC$2:$AD$81,2,FALSE),"-") -> 11001 | Q5: BICPSA01 | R5: 1226 | T5: BICCPSA01 | U5: 364 | W5: BICCPSA01 | X5: 994 | Z5: BICPSA01 | AA5: 2752 | AC5: BICPSA01 | AD5: 2682
A6: TSA Dark Compound Chocolate Chips 50g | B6: CHCCSA48 | C6: 4487.2156 | D6: 4487.2156 | E6: 22789.14 | F6: 20818.044 | G6: 24229.642 | H6: 26440.99 | I6: =IFERROR(VLOOKUP($B6,$Q$2:$R$81,2,FALSE),"-") -> 20160 | J6: =IFERROR(VLOOKUP($B6,$T$2:$U$81,2,FALSE),"-") -> 15480 | K6: =IFERROR(VLOOKUP($B6,$W$2:$X$81,2,FALSE),"-") -> 41581 | L6: =IFERROR(VLOOKUP($B6,$Z$2:$AA$81,2,FALSE),"-") -> 26653 | M6: =IFERROR(VLOOKUP($B6,$AC$2:$AD$81,2,FALSE),"-") -> 24000 | Q6: BICPSA02 | R6: 1184 | T6: BICPSA01 | U6: 1070 | W6: BICPSA01 | X6: 2596 | Z6: BICPSA02 | AA6: 3542 | AC6: BICPSA02 | AD6: 2381
A7: The Select Aisle's Dark Chocolate Chips - 250g | B7: CHCCSA47 | C7: - | D7: - | E7: - | F7: - | G7: - | H7: - | I7: =IFERROR(VLOOKUP($B7,$Q$2:$R$81,2,FALSE),"-") -> - | J7: =IFERROR(VLOOKUP($B7,$T$2:$U$81,2,FALSE),"-") -> 12 | K7: =IFERROR(VLOOKUP($B7,$W$2:$X$81,2,FALSE),"-") -> 62 | L7: =IFERROR(VLOOKUP($B7,$Z$2:$AA$81,2,FALSE),"-") -> - | M7: =IFERROR(VLOOKUP($B7,$AC$2:$AD$81,2,FALSE),"-") -> - | Q7: BIEFSA01 | R7: 3696 | T7: BICPSA02 | U7: 2158 | W7: BICPSA02 | X7: 3328 | Z7: BIEFSA01 | AA7: 20112 | AC7: BIEFSA01 | AD7: 8976
A8: The Select Aisle Milk Compound Chocolate Chips - 150g | B8: CHCCSA33 | C8: 3856.4742 | D8: 3856.4742 | E8: 6340.3978 | F8: 6112.3321 | G8: 9765.8551 | H8: 8770.9815 | I8: =IFERROR(VLOOKUP($B8,$Q$2:$R$81,2,FALSE),"-") -> 10296 | J8: =IFERROR(VLOOKUP($B8,$T$2:$U$81,2,FALSE),"-") -> 10344 | K8: =IFERROR(VLOOKUP($B8,$W$2:$X$81,2,FALSE),"-") -> 13968 | L8: =IFERROR(VLOOKUP($B8,$Z$2:$AA$81,2,FALSE),"-") -> 11928 | M8: =IFERROR(VLOOKUP($B8,$AC$2:$AD$81,2,FALSE),"-") -> 6264 | Q8: BIEFSA15 | R8: 22656 | T8: BIEFSA01 | U8: 4320 | W8: BIEFSA01 | X8: 17004 | Z8: BIEFSA15 | AA8: 37632 | AC8: BIEFSA15 | AD8: 51936
A9: TSA Milk Compound Chocolate Chips 50g | B9: CHCCSA49 | C9: 3243.6515 | D9: 3243.6515 | E9: 8379.1831 | F9: 6748.6371 | G9: 7554.4961 | H9: 8736.3372 | I9: =IFERROR(VLOOKUP($B9,$Q$2:$R$81,2,FALSE),"-") -> 10080 | J9: =IFERROR(VLOOKUP($B9,$T$2:$U$81,2,FALSE),"-") -> 8280 | K9: =IFERROR(VLOOKUP($B9,$W$2:$X$81,2,FALSE),"-") -> 18180 | L9: =IFERROR(VLOOKUP($B9,$Z$2:$AA$81,2,FALSE),"-") -> 7476 | M9: =IFERROR(VLOOKUP($B9,$AC$2:$AD$81,2,FALSE),"-") -> 7668 | Q9: BIEFSA16 | R9: 3072 | T9: BIEFSA15 | U9: 28224 | W9: BIEFSA15 | X9: 39482 | Z9: BIEFSA16 | AA9: 6880 | AC9: BIEFSA16 | AD9: 6352
A10: The Select Aisle White Compound Chocolate Chips | B10: CHCCSA34 | C10: 794.46741 | D10: 794.46741 | E10: 1861.3007 | F10: 2108.8226 | G10: 3019.5465 | H10: 2496.7106 | I10: =IFERROR(VLOOKUP($B10,$Q$2:$R$81,2,FALSE),"-") -> 1536 | J10: =IFERROR(VLOOKUP($B10,$T$2:$U$81,2,FALSE),"-") -> 2280 | K10: =IFERROR(VLOOKUP($B10,$W$2:$X$81,2,FALSE),"-") -> 4038 | L10: =IFERROR(VLOOKUP($B10,$Z$2:$AA$81,2,FALSE),"-") -> 2688 | M10: =IFERROR(VLOOKUP($B10,$AC$2:$AD$81,2,FALSE),"-") -> 816 | Q10: BIFISA03 | R10: 2128 | T10: BIEFSA16 | U10: 1856 | W10: BIEFSA16 | X10: 5088 | Z10: BIFISA03 | AA10: 7224 | AC10: BIFISA03 | AD10: 7840
A11: The Select Aisle Twin Chocolate Chips 50g | B11: CHCCSA50 | C11: 72.338784 | D11: 72.338784 | E11: 1477.2985 | F11: 1571.8891 | G11: 901.86143 | H11: 1226.8647 | I11: =IFERROR(VLOOKUP($B11,$Q$2:$R$81,2,FALSE),"-") -> 1980 | J11: =IFERROR(VLOOKUP($B11,$T$2:$U$81,2,FALSE),"-") -> 3780 | K11: =IFERROR(VLOOKUP($B11,$W$2:$X$81,2,FALSE),"-") -> 6984 | L11: =IFERROR(VLOOKUP($B11,$Z$2:$AA$81,2,FALSE),"-") -> 10171 | M11: =IFERROR(VLOOKUP($B11,$AC$2:$AD$81,2,FALSE),"-") -> 7380 | Q11: BIFISA07 | R11: 23040 | T11: BIFISA03 | U11: 1736 | W11: BIFISA03 | X11: 2856 | Z11: BIFISA07 | AA11: 69504 | AC11: BIFISA07 | AD11: 74448
A12: The Select Aisle Dark Compound Chocolate Slab 500g | B12: CHCCSSA01 | C12: 3644.7709 | D12: 3644.7709 | E12: 10488.173 | F12: 10454.246 | G12: 12853.863 | H12: 12234.331 | I12: =IFERROR(VLOOKUP($B12,$Q$2:$R$81,2,FALSE),"-") -> 7480 | J12: =IFERROR(VLOOKUP($B12,$T$2:$U$81,2,FALSE),"-") -> 7200 | K12: =IFERROR(VLOOKUP($B12,$W$2:$X$81,2,FALSE),"-") -> 16796 | L12: =IFERROR(VLOOKUP($B12,$Z$2:$AA$81,2,FALSE),"-") -> 26540 | M12: =IFERROR(VLOOKUP($B12,$AC$2:$AD$81,2,FALSE),"-") -> 19400 | Q12: BIFISA09 | R12: 6642 | T12: BIFISA07 | U12: 28224 | W12: BIFISA07 | X12: 47644 | Z12: BIFISA09 | AA12: 3565 | AC12: BIFISA09 | AD12: 2916
A13: The Select Aisle Milk Compound Chocolate Bar 500 g | B13: CHCSSA04 | C13: - | D13: - | E13: 741.22807 | F13: 977.14758 | G13: 957.39933 | H13: 1185.9118 | I13: =IFERROR(VLOOKUP($B13,$Q$2:$R$81,2,FALSE),"-") -> 20 | J13: =IFERROR(VLOOKUP($B13,$T$2:$U$81,2,FALSE),"-") -> 920 | K13: =IFERROR(VLOOKUP($B13,$W$2:$X$81,2,FALSE),"-") -> 2880 | L13: =IFERROR(VLOOKUP($B13,$Z$2:$AA$81,2,FALSE),"-") -> 3940 | M13: =IFERROR(VLOOKUP($B13,$AC$2:$AD$81,2,FALSE),"-") -> 1120 | Q13: BIFISA10 | R13: 9756 | T13: BIFISA09 | U13: 5778 | W13: BIFISA09 | X13: 5886 | Z13: BIFISA10 | AA13: 37920 | AC13: BIFISA10 | AD13: 42204
A14: The Select Aisle White Compound Chocolate Bar 500 g | B14: CHCSSA05 | C14: - | D14: - | E14: 358.97436 | F14: 1090.4884 | G14: 1257.9268 | H14: 1175.2169 | I14: =IFERROR(VLOOKUP($B14,$Q$2:$R$81,2,FALSE),"-") -> 20 | J14: =IFERROR(VLOOKUP($B14,$T$2:$U$81,2,FALSE),"-") -> 994 | K14: =IFERROR(VLOOKUP($B14,$W$2:$X$81,2,FALSE),"-") -> 3651 | L14: =IFERROR(VLOOKUP($B14,$Z$2:$AA$81,2,FALSE),"-") -> 4260 | M14: =IFERROR(VLOOKUP($B14,$AC$2:$AD$81,2,FALSE),"-") -> 1040 | Q14: BIFISA11 | R14: 2430 | T14: BIFISA10 | U14: 10584 | W14: BIFISA10 | X14: 28908 | Z14: BIFISA11 | AA14: 3757 | AC14: BIFISA11 | AD14: 2304
A15: The Select Aisle Dark Compound Chocolate Slab 150g | B15: CHCSSA02 | C15: 391.77007 | D15: 391.77007 | E15: 2732.7808 | F15: 2255.848 | G15: 2881.5323 | H15: 2011.8158 | I15: =IFERROR(VLOOKUP($B15,$Q$2:$R$81,2,FALSE),"-") -> 1140 | J15: =IFERROR(VLOOKUP($B15,$T$2:$U$81,2,FALSE),"-") -> 1860 | K15: =IFERROR(VLOOKUP($B15,$W$2:$X$81,2,FALSE),"-") -> 5640 | L15: =IFERROR(VLOOKUP($B15,$Z$2:$AA$81,2,FALSE),"-") -> 8701 | M15: =IFERROR(VLOOKUP($B15,$AC$2:$AD$81,2,FALSE),"-") -> 2940 | Q15: BIMCSA01 | R15: 1260 | T15: BIFISA11 | U15: 1890 | W15: BIFISA11 | X15: 5214 | Z15: BIFISA12 | AC15: BIFISA12 | AD15: 1920
A16: The Select Aisle Milk Compound Chocolate Slab 150g | B16: CHCSSA03 | C16: 320.92515 | D16: 320.92515 | E16: 2259.2872 | F16: 1947.7311 | G16: 1752.6657 | H16: 1167.2642 | I16: =IFERROR(VLOOKUP($B16,$Q$2:$R$81,2,FALSE),"-") -> 780 | J16: =IFERROR(VLOOKUP($B16,$T$2:$U$81,2,FALSE),"-") -> 1620 | K16: =IFERROR(VLOOKUP($B16,$W$2:$X$81,2,FALSE),"-") -> 5344 | L16: =IFERROR(VLOOKUP($B16,$Z$2:$AA$81,2,FALSE),"-") -> 5580 | M16: =IFERROR(VLOOKUP($B16,$AC$2:$AD$81,2,FALSE),"-") -> 2640 | Q16: BISWSA05 | R16: 2016 | T16: BIMCSA01 | U16: 720 | W16: BIMCSA01 | X16: 811 | Z16: BIMCSA01 | AA16: 1358 | AC16: BIMCSA01 | AD16: 790
A17: The Select Aisle Cocoa Powder 70g | B17: CHCOSA06 | C17: 2141.0187 | D17: 2141.0187 | E17: 5252.1388 | F17: 5246.7009 | G17: 5168.359 | H17: 7917.3887 | I17: =IFERROR(VLOOKUP($B17,$Q$2:$R$81,2,FALSE),"-") -> 4672 | J17: =IFERROR(VLOOKUP($B17,$T$2:$U$81,2,FALSE),"-") -> 4796 | K17: =IFERROR(VLOOKUP($B17,$W$2:$X$81,2,FALSE),"-") -> 8896 | L17: =IFERROR(VLOOKUP($B17,$Z$2:$AA$81,2,FALSE),"-") -> 11841 | M17: =IFERROR(VLOOKUP($B17,$AC$2:$AD$81,2,FALSE),"-") -> 8192 | Q17: BSFLSA03 | R17: 768 | T17: BISWSA05 | U17: 754 | W17: BISWSA05 | X17: 1930 | Z17: BISWSA05 | AA17: 2526 | AC17: BISWSA05 | AD17: 4434
A18: The Select Aisle Dutch Processed Cocoa Powder 250g | B18: CHCOSA01 | C18: 146.18364 | D18: 146.18364 | E18: 424.57848 | F18: 544.09673 | G18: 584.35861 | H18: 449.74786 | I18: =IFERROR(VLOOKUP($B18,$Q$2:$R$81,2,FALSE),"-") -> 400 | J18: =IFERROR(VLOOKUP($B18,$T$2:$U$81,2,FALSE),"-") -> 260 | K18: =IFERROR(VLOOKUP($B18,$W$2:$X$81,2,FALSE),"-") -> 1020 | L18: =IFERROR(VLOOKUP($B18,$Z$2:$AA$81,2,FALSE),"-") -> 1100 | M18: =IFERROR(VLOOKUP($B18,$AC$2:$AD$81,2,FALSE),"-") -> 340 | Q18: BSLASA04 | R18: 17184 | T18: BSFLSA03 | U18: 96 | W18: BSFLSA03 | X18: 216 | Z18: BISWSA06 | AA18: 384 | AC18: BSFLSA03 | AD18: 120
A19: The Select Aisle Drinking Chocolate 200g | B19: SAHC02 | C19: 385.8387 | D19: 385.8387 | E19: 1338.3464 | F19: 1477.0428 | G19: 1747.5281 | H19: 2356.3492 | I19: =IFERROR(VLOOKUP($B19,$Q$2:$R$81,2,FALSE),"-") -> 1664 | J19: =IFERROR(VLOOKUP($B19,$T$2:$U$81,2,FALSE),"-") -> 576 | K19: =IFERROR(VLOOKUP($B19,$W$2:$X$81,2,FALSE),"-") -> 1952 | L19: =IFERROR(VLOOKUP($B19,$Z$2:$AA$81,2,FALSE),"-") -> 3744 | M19: =IFERROR(VLOOKUP($B19,$AC$2:$AD$81,2,FALSE),"-") -> 3168 | Q19: BSLASA05 | R19: 10080 | T19: BSLASA04 | U19: 16128 | W19: BSFLSA05 | X19: 40 | Z19: BSFLSA03 | AA19: 384 | AC19: BSLASA04 | AD19: 40992
A20: Functional Ingredients | Q20: BSLASA08 | R20: 300 | T20: BSLASA05 | U20: 14688 | W20: BSLASA04 | X20: 27472 | Z20: BSLASA04 | AA20: 39360 | AC20: BSLASA05 | AD20: 21984
A21: The Select Aisle Baking Soda - 100g | B21: BSLASA04 | C21: 9944.1175 | D21: 9944.1175 | E21: 12575.869 | F21: 12045.351 | G21: 12334.977 | H21: 12443.819 | I21: =IFERROR(VLOOKUP($B21,$Q$2:$R$81,2,FALSE),"-") -> 17184 | J21: =IFERROR(VLOOKUP($B21,$T$2:$U$81,2,FALSE),"-") -> 16128 | K21: =IFERROR(VLOOKUP($B21,$W$2:$X$81,2,FALSE),"-") -> 27472 | L21: =IFERROR(VLOOKUP($B21,$Z$2:$AA$81,2,FALSE),"-") -> 39360 | M21: =IFERROR(VLOOKUP($B21,$AC$2:$AD$81,2,FALSE),"-") -> 40992 | Q21: BSLASA10 | R21: 3216 | T21: BSLASA08 | U21: 226 | W21: BSLASA05 | X21: 29424 | Z21: BSLASA05 | AA21: 27344 | AC21: BSLASA08 | AD21: 180
A22: The Select Aisle Baking Soda - 1kg | B22: BSLASA08 | C22: 150 | D22: 150 | E22: 436.54822 | F22: 485.35565 | G22: 560 | H22: 596.73025 | I22: =IFERROR(VLOOKUP($B22,$Q$2:$R$81,2,FALSE),"-") -> 300 | J22: =IFERROR(VLOOKUP($B22,$T$2:$U$81,2,FALSE),"-") -> 226 | K22: =IFERROR(VLOOKUP($B22,$W$2:$X$81,2,FALSE),"-") -> 502 | L22: =IFERROR(VLOOKUP($B22,$Z$2:$AA$81,2,FALSE),"-") -> 1249 | M22: =IFERROR(VLOOKUP($B22,$AC$2:$AD$81,2,FALSE),"-") -> 180 | Q22: CDCLSA01 | R22: 730 | T22: BSLASA10 | U22: 1512 | W22: BSLASA08 | X22: 502 | Z22: BSLASA08 | AA22: 1249 | AC22: BSLASA10 | AD22: 9120
A23: The Select Aisle Double Acting Baking Powder - 100g | B23: BSLASA05 | C23: 4456.3645 | D23: 4456.3645 | E23: 8015.7533 | F23: 8664.6678 | G23: 8469.3457 | H23: 9663.2902 | I23: =IFERROR(VLOOKUP($B23,$Q$2:$R$81,2,FALSE),"-") -> 10080 | J23: =IFERROR(VLOOKUP($B23,$T$2:$U$81,2,FALSE),"-") -> 14688 | K23: =IFERROR(VLOOKUP($B23,$W$2:$X$81,2,FALSE),"-") -> 29424 | L23: =IFERROR(VLOOKUP($B23,$Z$2:$AA$81,2,FALSE),"-") -> 27344 | M23: =IFERROR(VLOOKUP($B23,$AC$2:$AD$81,2,FALSE),"-") -> 21984 | Q23: CDCLSA02 | R23: 120 | T23: CDCLSA01 | U23: 2920 | W23: BSLASA10 | X23: 6960 | Z23: BSLASA10 | AA23: 7632 | AC23: CDCLSA01 | AD23: 5310
A24: The Select Aisle Dry Instant Yeast - 25g | B24: BIFISA07 | C24: 9973.2432 | D24: 9973.2432 | E24: 34174.049 | F24: 34211.225 | G24: 49270.832 | H24: 48920.141 | I24: =IFERROR(VLOOKUP($B24,$Q$2:$R$81,2,FALSE),"-") -> 23040 | J24: =IFERROR(VLOOKUP($B24,$T$2:$U$81,2,FALSE),"-") -> 28224 | K24: =IFERROR(VLOOKUP($B24,$W$2:$X$81,2,FALSE),"-") -> 47644 | L24: =IFERROR(VLOOKUP($B24,$Z$2:$AA$81,2,FALSE),"-") -> 69504 | M24: =IFERROR(VLOOKUP($B24,$AC$2:$AD$81,2,FALSE),"-") -> 74448 | Q24: CDCLSA04 | R24: 650 | T24: CDCLSA02 | U24: 90 | W24: CDCLSA01 | X24: 2700 | Z24: CDCLSA01 | AA24: 4490 | AC24: CDCLSA04 | AD24: 4220
A25: The Select Aisle Dry Instant Yeast - 75g | B25: BIFISA03 | C25: 848.83823 | D25: 848.83823 | E25: 2015.2565 | F25: 2158.2682 | G25: 1935.1877 | H25: 2001.1026 | I25: =IFERROR(VLOOKUP($B25,$Q$2:$R$81,2,FALSE),"-") -> 2128 | J25: =IFERROR(VLOOKUP($B25,$T$2:$U$81,2,FALSE),"-") -> 1736 | K25: =IFERROR(VLOOKUP($B25,$W$2:$X$81,2,FALSE),"-") -> 2856 | L25: =IFERROR(VLOOKUP($B25,$Z$2:$AA$81,2,FALSE),"-") -> 7224 | M25: =IFERROR(VLOOKUP($B25,$AC$2:$AD$81,2,FALSE),"-") -> 7840 | Q25: CDCLSA05 | R25: 840 | T25: CDCLSA04 | U25: 1360 | W25: CDCLSA02 | X25: 60 | Z25: CDCLSA02 | AA25: 60 | AC25: CDCLSA05 | AD25: 2330
A26: The Select Aisle Agar Agar - 20g | B26: BIFISA09 | C26: 3646.7741 | D26: 3646.7741 | E26: 5838.2938 | F26: 5662.3203 | G26: 3804.9326 | H26: 3606.7334 | I26: =IFERROR(VLOOKUP($B26,$Q$2:$R$81,2,FALSE),"-") -> 6642 | J26: =IFERROR(VLOOKUP($B26,$T$2:$U$81,2,FALSE),"-") -> 5778 | K26: =IFERROR(VLOOKUP($B26,$W$2:$X$81,2,FALSE),"-") -> 5886 | L26: =IFERROR(VLOOKUP($B26,$Z$2:$AA$81,2,FALSE),"-") -> 3565 | M26: =IFERROR(VLOOKUP($B26,$AC$2:$AD$81,2,FALSE),"-") -> 2916 | Q26: CDCLSA06 | R26: 560 | T26: CDCLSA05 | U26: 610 | W26: CDCLSA04 | X26: 2690 | Z26: CDCLSA04 | AA26: 2671 | AC26: CDCLSA06 | AD26: 120
A27: The Select Aisle Gelatin | B27: BIFISA11 | C27: 1144.6356 | D27: 1144.6356 | E27: 2830.2522 | F27: 2686.2945 | G27: 2718.0552 | H27: 2919.375 | I27: =IFERROR(VLOOKUP($B27,$Q$2:$R$81,2,FALSE),"-") -> 2430 | J27: =IFERROR(VLOOKUP($B27,$T$2:$U$81,2,FALSE),"-") -> 1890 | K27: =IFERROR(VLOOKUP($B27,$W$2:$X$81,2,FALSE),"-") -> 5214 | L27: =IFERROR(VLOOKUP($B27,$Z$2:$AA$81,2,FALSE),"-") -> 3757 | M27: =IFERROR(VLOOKUP($B27,$AC$2:$AD$81,2,FALSE),"-") -> 2304 | Q27: CDCLSA07 | R27: 60 | T27: CDCLSA06 | U27: 430 | W27: CDCLSA05 | X27: 3940 | Z27: CDCLSA05 | AA27: 2880 | AC27: CDCLSA08 | AD27: 10
A28: The Select Aisle Citric Acid | B28: BSLASA10 | C28: 1380.6884 | D28: 1380.6884 | E28: 2495.8194 | F28: 2727.0877 | G28: 2950.6053 | H28: 3252.536 | I28: =IFERROR(VLOOKUP($B28,$Q$2:$R$81,2,FALSE),"-") -> 3216 | J28: =IFERROR(VLOOKUP($B28,$T$2:$U$81,2,FALSE),"-") -> 1512 | K28: =IFERROR(VLOOKUP($B28,$W$2:$X$81,2,FALSE),"-") -> 6960 | L28: =IFERROR(VLOOKUP($B28,$Z$2:$AA$81,2,FALSE),"-") -> 7632 | M28: =IFERROR(VLOOKUP($B28,$AC$2:$AD$81,2,FALSE),"-") -> 9120 | Q28: CDCLSA08 | R28: 310 | T28: CDCLSA07 | U28: 60 | W28: CDCLSA06 | X28: 80 | Z28: CDCLSA06 | AA28: 610 | AC28: CDSPSA23 | AD28: 3000
A29: The Select Aisle Corn Flour | B29: BIFISA10 | C29: 5411.2846 | D29: 5411.2846 | E29: 18966.976 | F29: 19592.71 | G29: 18882.565 | H29: 18499.436 | I29: =IFERROR(VLOOKUP($B29,$Q$2:$R$81,2,FALSE),"-") -> 9756 | J29: =IFERROR(VLOOKUP($B29,$T$2:$U$81,2,FALSE),"-") -> 10584 | K29: =IFERROR(VLOOKUP($B29,$W$2:$X$81,2,FALSE),"-") -> 28908 | L29: =IFERROR(VLOOKUP($B29,$Z$2:$AA$81,2,FALSE),"-") -> 37920 | M29: =IFERROR(VLOOKUP($B29,$AC$2:$AD$81,2,FALSE),"-") -> 42204 | Q29: CDSPSA23 | R29: 2544 | T29: CDCLSA08 | U29: 10 | W29: CDCLSA08 | X29: 30 | Z29: CDCLSA08 | AA29: 310 | AC29: CDSPSA24 | AD29: 2016
A30: The Select Aisle Icing Sugar 300g | B30: BISWSA05 | C30: 799.12479 | D30: 799.12479 | E30: 1628.2457 | F30: 1549.2299 | G30: 1757.0257 | H30: 1182.8603 | I30: =IFERROR(VLOOKUP($B30,$Q$2:$R$81,2,FALSE),"-") -> 2016 | J30: =IFERROR(VLOOKUP($B30,$T$2:$U$81,2,FALSE),"-") -> 754 | K30: =IFERROR(VLOOKUP($B30,$W$2:$X$81,2,FALSE),"-") -> 1930 | L30: =IFERROR(VLOOKUP($B30,$Z$2:$AA$81,2,FALSE),"-") -> 2526 | M30: =IFERROR(VLOOKUP($B30,$AC$2:$AD$81,2,FALSE),"-") -> 4434 | Q30: CDSPSA24 | R30: 1488 | T30: CDSPSA05 | U30: 24 | W30: CDSPSA05 | X30: 12 | Z30: CDSPSA05 | AA30: 60 | AC30: CDSPSA40 | AD30: 3785
A31: The Select Aisle T55 Baking Flour - 453g | B31: BSFLSA03 | C31: 34.690142 | D31: 34.690142 | E31: 0 | F31: 0 | G31: 0 | H31: 0 | I31: =IFERROR(VLOOKUP($B31,$Q$2:$R$81,2,FALSE),"-") -> 768 | J31: =IFERROR(VLOOKUP($B31,$T$2:$U$81,2,FALSE),"-") -> 96 | K31: =IFERROR(VLOOKUP($B31,$W$2:$X$81,2,FALSE),"-") -> 216 | L31: =IFERROR(VLOOKUP($B31,$Z$2:$AA$81,2,FALSE),"-") -> 384 | M31: =IFERROR(VLOOKUP($B31,$AC$2:$AD$81,2,FALSE),"-") -> 120 | Q31: CDSPSA40 | R31: 720 | T31: CDSPSA23 | U31: 2136 | W31: CDSPSA23 | X31: 4704 | Z31: CDSPSA23 | AA31: 4897 | AC31: CDSPSA44 | AD31: 2976
A32: Colours & Flavours | Q32: CDSPSA44 | R32: 384 | T32: CDSPSA24 | U32: 708 | W32: CDSPSA24 | X32: 1488 | Z32: CDSPSA24 | AA32: 1825 | AC32: CDSPSA54 | AD32: 432
A33: The Select Aisle Vanilla Essence 30 ml | B33: BIEFSA15 | C33: 11517.73 | D33: 11517.73 | E33: 22918.318 | F33: 21395.988 | G33: 26042.172 | H33: 28619.179 | I33: =IFERROR(VLOOKUP($B33,$Q$2:$R$81,2,FALSE),"-") -> 22656 | J33: =IFERROR(VLOOKUP($B33,$T$2:$U$81,2,FALSE),"-") -> 28224 | K33: =IFERROR(VLOOKUP($B33,$W$2:$X$81,2,FALSE),"-") -> 39482 | L33: =IFERROR(VLOOKUP($B33,$Z$2:$AA$81,2,FALSE),"-") -> 37632 | M33: =IFERROR(VLOOKUP($B33,$AC$2:$AD$81,2,FALSE),"-") -> 51936 | Q33: CDSPSA54 | R33: 192 | T33: CDSPSA26 | U33: 24 | W33: CDSPSA26 | X33: 12 | Z33: CDSPSA26 | AA33: 108 | AC33: CDTFSA01 | AD33: 3120
A34: The Select Aisle Vanilla Flavour - 100ml | B34: BIEFSA01 | C34: 2440.2715 | D34: 2440.2715 | E34: 6143.3692 | F34: 7047.7703 | G34: 8218.8458 | H34: 7437.2974 | I34: =IFERROR(VLOOKUP($B34,$Q$2:$R$81,2,FALSE),"-") -> 3696 | J34: =IFERROR(VLOOKUP($B34,$T$2:$U$81,2,FALSE),"-") -> 4320 | K34: =IFERROR(VLOOKUP($B34,$W$2:$X$81,2,FALSE),"-") -> 17004 | L34: =IFERROR(VLOOKUP($B34,$Z$2:$AA$81,2,FALSE),"-") -> 20112 | M34: =IFERROR(VLOOKUP($B34,$AC$2:$AD$81,2,FALSE),"-") -> 8976 | Q34: CDTFSA01 | R34: 1800 | T34: CDSPSA40 | U34: 672 | W34: CDSPSA40 | X34: 1488 | Z34: CDSPSA40 | AA34: 2812 | AC34: CHCCSA33 | AD34: 6264
A35: The Select Aisle Vanilla Extract - 30ml | B35: BIEFSA16 | C35: 1377.8096 | D35: 1377.8096 | E35: 2866.7081 | F35: 3108.5656 | G35: 2982.5909 | H35: 3658.2068 | I35: =IFERROR(VLOOKUP($B35,$Q$2:$R$81,2,FALSE),"-") -> 3072 | J35: =IFERROR(VLOOKUP($B35,$T$2:$U$81,2,FALSE),"-") -> 1856 | K35: =IFERROR(VLOOKUP($B35,$W$2:$X$81,2,FALSE),"-") -> 5088 | L35: =IFERROR(VLOOKUP($B35,$Z$2:$AA$81,2,FALSE),"-") -> 6880 | M35: =IFERROR(VLOOKUP($B35,$AC$2:$AD$81,2,FALSE),"-") -> 6352 | Q35: CHCCSA33 | R35: 10296 | T35: CDSPSA44 | U35: 336 | W35: CDSPSA44 | X35: 960 | Z35: CDSPSA44 | AA35: 2016 | AC35: CHCCSA34 | AD35: 816
A36: The Select Aisle Yellow Gel Food Colour 30ml | B36: CDCLSA05 | C36: 387.52801 | D36: 387.52801 | E36: 646.9667 | F36: 647.46834 | G36: 853.52343 | H36: 669.24416 | I36: =IFERROR(VLOOKUP($B36,$Q$2:$R$81,2,FALSE),"-") -> 840 | J36: =IFERROR(VLOOKUP($B36,$T$2:$U$81,2,FALSE),"-") -> 610 | K36: =IFERROR(VLOOKUP($B36,$W$2:$X$81,2,FALSE),"-") -> 3940 | L36: =IFERROR(VLOOKUP($B36,$Z$2:$AA$81,2,FALSE),"-") -> 2880 | M36: =IFERROR(VLOOKUP($B36,$AC$2:$AD$81,2,FALSE),"-") -> 2330 | Q36: CHCCSA34 | R36: 1536 | T36: CDTFSA01 | U36: 3024 | W36: CDSPSA54 | X36: 240 | Z36: CDSPSA54 | AA36: 384 | AC36: CHCCSA35 | AD36: 11001
A37: The Select Aisle Red Gel Food Colour 30ml | B37: CDCLSA01 | C37: 479.94949 | D37: 479.94949 | E37: 833.06944 | F37: 906.46467 | G37: 1136.7974 | H37: 948.43506 | I37: =IFERROR(VLOOKUP($B37,$Q$2:$R$81,2,FALSE),"-") -> 730 | J37: =IFERROR(VLOOKUP($B37,$T$2:$U$81,2,FALSE),"-") -> 2920 | K37: =IFERROR(VLOOKUP($B37,$W$2:$X$81,2,FALSE),"-") -> 2700 | L37: =IFERROR(VLOOKUP($B37,$Z$2:$AA$81,2,FALSE),"-") -> 4490 | M37: =IFERROR(VLOOKUP($B37,$AC$2:$AD$81,2,FALSE),"-") -> 5310 | Q37: CHCCSA35 | R37: 13920 | T37: CHCCSA33 | U37: 10344 | W37: CDTFSA01 | X37: 6858 | Z37: CDTFSA01 | AA37: 4729 | AC37: CHCCSA36 | AD37: 444
A38: The Select Aisle Dark Green Gel Food Colour 30ml | B38: CDCLSA02 | C38: 0 | D38: 0 | E38: - | F38: - | G38: - | H38: - | I38: =IFERROR(VLOOKUP($B38,$Q$2:$R$81,2,FALSE),"-") -> 120 | J38: =IFERROR(VLOOKUP($B38,$T$2:$U$81,2,FALSE),"-") -> 90 | K38: =IFERROR(VLOOKUP($B38,$W$2:$X$81,2,FALSE),"-") -> 60 | L38: =IFERROR(VLOOKUP($B38,$Z$2:$AA$81,2,FALSE),"-") -> 60 | M38: =IFERROR(VLOOKUP($B38,$AC$2:$AD$81,2,FALSE),"-") -> - | Q38: CHCCSA48 | R38: 20160 | T38: CHCCSA34 | U38: 2280 | W38: CHCCSA33 | X38: 13968 | Z38: CHCCSA33 | AA38: 11928 | AC38: CHCCSA48 | AD38: 24000
A39: The Select Aisle Dark Blue Gel Food Colour 30ml | B39: CDCLSA03 | C39: 0 | D39: 0 | E39: 0 | F39: 0 | G39: 0 | H39: 0 | I39: =IFERROR(VLOOKUP($B39,$Q$2:$R$81,2,FALSE),"-") -> - | J39: =IFERROR(VLOOKUP($B39,$T$2:$U$81,2,FALSE),"-") -> - | K39: =IFERROR(VLOOKUP($B39,$W$2:$X$81,2,FALSE),"-") -> - | L39: =IFERROR(VLOOKUP($B39,$Z$2:$AA$81,2,FALSE),"-") -> - | M39: =IFERROR(VLOOKUP($B39,$AC$2:$AD$81,2,FALSE),"-") -> - | Q39: CHCCSA49 | R39: 10080 | T39: CHCCSA35 | U39: 13680 | W39: CHCCSA34 | X39: 4038 | Z39: CHCCSA34 | AA39: 2688 | AC39: CHCCSA49 | AD39: 7668
A40: The Select Aisle Sky Blue Gel Food Colour 30ml | B40: CDCLSA04 | C40: 317.7404 | D40: 317.7404 | E40: 736.74933 | F40: 829.93573 | G40: 886.0679 | H40: 776.42922 | I40: =IFERROR(VLOOKUP($B40,$Q$2:$R$81,2,FALSE),"-") -> 650 | J40: =IFERROR(VLOOKUP($B40,$T$2:$U$81,2,FALSE),"-") -> 1360 | K40: =IFERROR(VLOOKUP($B40,$W$2:$X$81,2,FALSE),"-") -> 2690 | L40: =IFERROR(VLOOKUP($B40,$Z$2:$AA$81,2,FALSE),"-") -> 2671 | M40: =IFERROR(VLOOKUP($B40,$AC$2:$AD$81,2,FALSE),"-") -> 4220 | Q40: CHCCSA50 | R40: 1980 | T40: CHCCSA40 | U40: 97 | W40: CHCCSA35 | X40: 16712 | Z40: CHCCSA35 | AA40: 18760 | AC40: CHCCSA50 | AD40: 7380
A41: The Select Aisle Orange Gel Food Colour 30ml | B41: CDCLSA06 | C41: 0 | D41: 0 | E41: 0 | F41: 0 | G41: 0 | H41: 0 | I41: =IFERROR(VLOOKUP($B41,$Q$2:$R$81,2,FALSE),"-") -> 560 | J41: =IFERROR(VLOOKUP($B41,$T$2:$U$81,2,FALSE),"-") -> 430 | K41: =IFERROR(VLOOKUP($B41,$W$2:$X$81,2,FALSE),"-") -> 80 | L41: =IFERROR(VLOOKUP($B41,$Z$2:$AA$81,2,FALSE),"-") -> 610 | M41: =IFERROR(VLOOKUP($B41,$AC$2:$AD$81,2,FALSE),"-") -> 120 | Q41: CHCCSSA01 | R41: 7480 | T41: CHCCSA47 | U41: 12 | W41: CHCCSA40 | X41: 96 | Z41: CHCCSA36 | AC41: CHCCSA52 | AD41: 30
A42: The Select Aisle Purple Gel Food Colour 30ml | B42: CDCLSA07 | C42: 0 | D42: 0 | E42: - | F42: - | G42: - | H42: - | I42: =IFERROR(VLOOKUP($B42,$Q$2:$R$81,2,FALSE),"-") -> 60 | J42: =IFERROR(VLOOKUP($B42,$T$2:$U$81,2,FALSE),"-") -> 60 | K42: =IFERROR(VLOOKUP($B42,$W$2:$X$81,2,FALSE),"-") -> - | L42: =IFERROR(VLOOKUP($B42,$Z$2:$AA$81,2,FALSE),"-") -> - | M42: =IFERROR(VLOOKUP($B42,$AC$2:$AD$81,2,FALSE),"-") -> - | Q42: CHCOSA01 | R42: 400 | T42: CHCCSA48 | U42: 15480 | W42: CHCCSA47 | X42: 62 | Z42: CHCCSA40 | AA42: 336 | AC42: CHCCSA53 | AD42: 30
A43: The Select Aisle Pink Gel Food Colour 30ml | B43: CDCLSA08 | C43: 0 | D43: 0 | E43: 0 | F43: 0 | G43: 0 | H43: 0 | I43: =IFERROR(VLOOKUP($B43,$Q$2:$R$81,2,FALSE),"-") -> 310 | J43: =IFERROR(VLOOKUP($B43,$T$2:$U$81,2,FALSE),"-") -> 10 | K43: =IFERROR(VLOOKUP($B43,$W$2:$X$81,2,FALSE),"-") -> 30 | L43: =IFERROR(VLOOKUP($B43,$Z$2:$AA$81,2,FALSE),"-") -> 310 | M43: =IFERROR(VLOOKUP($B43,$AC$2:$AD$81,2,FALSE),"-") -> 10 | Q43: CHCOSA06 | R43: 4672 | T43: CHCCSA49 | U43: 8280 | W43: CHCCSA48 | X43: 41581 | Z43: CHCCSA48 | AA43: 26653 | AC43: CHCCSSA01 | AD43: 19400
A44: Cake Décor | Q44: CHCSSA02 | R44: 1140 | T44: CHCCSA50 | U44: 3780 | W44: CHCCSA49 | X44: 18180 | Z44: CHCCSA49 | AA44: 7476 | AC44: CHCOSA01 | AD44: 340
A45: The Select Aisle Rainbow Sprinkles - 85g | B45: CDSPSA23 | C45: 639.86792 | D45: 639.86792 | E45: 2330.6647 | F45: 2275.6938 | G45: 2809.7155 | H45: 2487.6569 | I45: =IFERROR(VLOOKUP($B45,$Q$2:$R$81,2,FALSE),"-") -> 2544 | J45: =IFERROR(VLOOKUP($B45,$T$2:$U$81,2,FALSE),"-") -> 2136 | K45: =IFERROR(VLOOKUP($B45,$W$2:$X$81,2,FALSE),"-") -> 4704 | L45: =IFERROR(VLOOKUP($B45,$Z$2:$AA$81,2,FALSE),"-") -> 4897 | M45: =IFERROR(VLOOKUP($B45,$AC$2:$AD$81,2,FALSE),"-") -> 3000 | Q45: CHCSSA03 | R45: 780 | T45: CHCCSSA01 | U45: 7200 | W45: CHCCSA50 | X45: 6984 | Z45: CHCCSA50 | AA45: 10171 | AC45: CHCOSA06 | AD45: 8192
A46: The Select Aisle Sprinkles Combo Pack - Carnival - 100g | B46: CDSPSA40 | C46: 576.43901 | D46: 576.43901 | E46: 999.17056 | F46: 1039.9869 | G46: 1655.0574 | H46: 1819.3593 | I46: =IFERROR(VLOOKUP($B46,$Q$2:$R$81,2,FALSE),"-") -> 720 | J46: =IFERROR(VLOOKUP($B46,$T$2:$U$81,2,FALSE),"-") -> 672 | K46: =IFERROR(VLOOKUP($B46,$W$2:$X$81,2,FALSE),"-") -> 1488 | L46: =IFERROR(VLOOKUP($B46,$Z$2:$AA$81,2,FALSE),"-") -> 2812 | M46: =IFERROR(VLOOKUP($B46,$AC$2:$AD$81,2,FALSE),"-") -> 3785 | Q46: CHCSSA04 | R46: 20 | T46: CHCOSA01 | U46: 260 | W46: CHCCSSA01 | X46: 16796 | Z46: CHCCSA52 | AA46: 244 | AC46: CHCSSA02 | AD46: 2940
A47: The Select Aisle Christmas Sprinkles Combo Pack - 100g | B47: CDSPSA54 | C47: 0 | D47: 0 | E47: 0 | F47: 0 | G47: 0 | H47: 0 | I47: =IFERROR(VLOOKUP($B47,$Q$2:$R$81,2,FALSE),"-") -> 192 | J47: =IFERROR(VLOOKUP($B47,$T$2:$U$81,2,FALSE),"-") -> - | K47: =IFERROR(VLOOKUP($B47,$W$2:$X$81,2,FALSE),"-") -> 240 | L47: =IFERROR(VLOOKUP($B47,$Z$2:$AA$81,2,FALSE),"-") -> 384 | M47: =IFERROR(VLOOKUP($B47,$AC$2:$AD$81,2,FALSE),"-") -> 432 | Q47: CHCSSA05 | R47: 20 | T47: CHCOSA06 | U47: 4796 | W47: CHCOSA01 | X47: 1020 | Z47: CHCCSA53 | AA47: 244 | AC47: CHCSSA03 | AD47: 2640
A48: The Select Aisle Colourful Sugar Balls - 100g | B48: CDSPSA24 | C48: 274.65238 | D48: 274.65238 | E48: 851.03118 | F48: 762.93794 | G48: 1099.1827 | H48: 972.42857 | I48: =IFERROR(VLOOKUP($B48,$Q$2:$R$81,2,FALSE),"-") -> 1488 | J48: =IFERROR(VLOOKUP($B48,$T$2:$U$81,2,FALSE),"-") -> 708 | K48: =IFERROR(VLOOKUP($B48,$W$2:$X$81,2,FALSE),"-") -> 1488 | L48: =IFERROR(VLOOKUP($B48,$Z$2:$AA$81,2,FALSE),"-") -> 1825 | M48: =IFERROR(VLOOKUP($B48,$AC$2:$AD$81,2,FALSE),"-") -> 2016 | Q48: COBCSA01 | R48: 3672 | T48: CHCSSA02 | U48: 1860 | W48: CHCOSA02 | X48: 20 | Z48: CHCCSSA01 | AA48: 26540 | AC48: CHCSSA04 | AD48: 1120
A49: The Select Aisle Sprinkles Combo Pack - Love - 100g | B49: CDSPSA44 | C49: 153.21832 | D49: 153.21832 | E49: 337.41074 | F49: 433.21735 | G49: 367.27391 | H49: 358.51169 | I49: =IFERROR(VLOOKUP($B49,$Q$2:$R$81,2,FALSE),"-") -> 384 | J49: =IFERROR(VLOOKUP($B49,$T$2:$U$81,2,FALSE),"-") -> 336 | K49: =IFERROR(VLOOKUP($B49,$W$2:$X$81,2,FALSE),"-") -> 960 | L49: =IFERROR(VLOOKUP($B49,$Z$2:$AA$81,2,FALSE),"-") -> 2016 | M49: =IFERROR(VLOOKUP($B49,$AC$2:$AD$81,2,FALSE),"-") -> 2976 | Q49: COBCSA02 | R49: 6628 | T49: CHCSSA03 | U49: 1620 | W49: CHCOSA06 | X49: 8896 | Z49: CHCOSA01 | AA49: 1100 | AC49: CHCSSA05 | AD49: 1040
A50: TSA Tutti Frutti 100g | B50: CDTFSA01 | C50: 829.79564 | D50: 829.79564 | E50: 3246.694 | F50: 2748.2663 | G50: 2675.0813 | H50: 3981.456 | I50: =IFERROR(VLOOKUP($B50,$Q$2:$R$81,2,FALSE),"-") -> 1800 | J50: =IFERROR(VLOOKUP($B50,$T$2:$U$81,2,FALSE),"-") -> 3024 | K50: =IFERROR(VLOOKUP($B50,$W$2:$X$81,2,FALSE),"-") -> 6858 | L50: =IFERROR(VLOOKUP($B50,$Z$2:$AA$81,2,FALSE),"-") -> 4729 | M50: =IFERROR(VLOOKUP($B50,$AC$2:$AD$81,2,FALSE),"-") -> 3120 | Q50: CPVSA02 | R50: 828 | T50: CHCSSA04 | U50: 920 | W50: CHCSSA02 | X50: 5640 | Z50: CHCOSA02 | AA50: 208 | AC50: COBCSA01 | AD50: 289
A51: Cake Mixes | Q51: CPVSA03 | R51: 1 | T51: CHCSSA05 | U51: 994 | W51: CHCSSA03 | X51: 5344 | Z51: CHCOSA06 | AA51: 11841 | AC51: COBCSA02 | AD51: 6360
A52: The Select Aisle Eggless Chocolate Cake Mix - 365g | B52: BICPSA02 | C52: 351.33843 | D52: 351.33843 | E52: 1583.3893 | F52: 1720.8472 | G52: 2058.9115 | H52: 1251.0011 | I52: =IFERROR(VLOOKUP($B52,$Q$2:$R$81,2,FALSE),"-") -> 1184 | J52: =IFERROR(VLOOKUP($B52,$T$2:$U$81,2,FALSE),"-") -> 2158 | K52: =IFERROR(VLOOKUP($B52,$W$2:$X$81,2,FALSE),"-") -> 3328 | L52: =IFERROR(VLOOKUP($B52,$Z$2:$AA$81,2,FALSE),"-") -> 3542 | M52: =IFERROR(VLOOKUP($B52,$AC$2:$AD$81,2,FALSE),"-") -> 2381 | Q52: ITCBSA01 | R52: 240 | T52: COBCSA01 | U52: 864 | W52: CHCSSA04 | X52: 2880 | Z52: CHCOSA07 | AA52: 268 | AC52: SAHAS02 | AD52: 105
A53: The Select Aisle Eggless Vanilla Cake Mix - 365g | B53: BICPSA01 | C53: 254.63125 | D53: 254.63125 | E53: 1570.6791 | F53: 1622.1435 | G53: 1515.3203 | H53: 1333.9169 | I53: =IFERROR(VLOOKUP($B53,$Q$2:$R$81,2,FALSE),"-") -> 1226 | J53: =IFERROR(VLOOKUP($B53,$T$2:$U$81,2,FALSE),"-") -> 1070 | K53: =IFERROR(VLOOKUP($B53,$W$2:$X$81,2,FALSE),"-") -> 2596 | L53: =IFERROR(VLOOKUP($B53,$Z$2:$AA$81,2,FALSE),"-") -> 2752 | M53: =IFERROR(VLOOKUP($B53,$AC$2:$AD$81,2,FALSE),"-") -> 2682 | Q53: PMCPSA01 | R53: 792 | T53: COBCSA02 | U53: 2724 | W53: CHCSSA05 | X53: 3651 | Z53: CHCSSA02 | AA53: 8701 | AC53: SAHC02 | AD53: 3168
A54: The Select Aisle Eggless Chocolate Cupcake Kit 190g | B54: BICCPSA01 | C54: 56.322321 | D54: 56.322321 | E54: 597.78603 | F54: 535.75632 | G54: 439.88191 | H54: 232.77886 | I54: =IFERROR(VLOOKUP($B54,$Q$2:$R$81,2,FALSE),"-") -> 266 | J54: =IFERROR(VLOOKUP($B54,$T$2:$U$81,2,FALSE),"-") -> 364 | K54: =IFERROR(VLOOKUP($B54,$W$2:$X$81,2,FALSE),"-") -> 994 | L54: =IFERROR(VLOOKUP($B54,$Z$2:$AA$81,2,FALSE),"-") -> 953 | M54: =IFERROR(VLOOKUP($B54,$AC$2:$AD$81,2,FALSE),"-") -> 14 | Q54: PMPPSA01 | R54: 432 | T54: CPVSA01 | U54: 144 | W54: COBCSA01 | X54: 1296 | Z54: CHCSSA03 | AA54: 5580 | AC54: SAMM01 | AD54: 24840
A55: The Select Aisle Triple Brownie Mix | B55: BIBMSA01 | C55: 686.17402 | D55: 686.17402 | E55: 223.1139 | F55: 271.06038 | G55: 455.07829 | H55: 503.38076 | I55: =IFERROR(VLOOKUP($B55,$Q$2:$R$81,2,FALSE),"-") -> 364 | J55: =IFERROR(VLOOKUP($B55,$T$2:$U$81,2,FALSE),"-") -> 210 | K55: =IFERROR(VLOOKUP($B55,$W$2:$X$81,2,FALSE),"-") -> 154 | L55: =IFERROR(VLOOKUP($B55,$Z$2:$AA$81,2,FALSE),"-") -> 517 | M55: =IFERROR(VLOOKUP($B55,$AC$2:$AD$81,2,FALSE),"-") -> 594 | Q55: SAHC02 | R55: 1664 | T55: CPVSA02 | U55: 342 | W55: COBCSA02 | X55: 5935 | Z55: CHCSSA04 | AA55: 3940 | AC55: SARKS01 | AD55: 68
A56: TSA Double Chocolate Mug Cake Mix | B56: BIMCSA01 | C56: 699.90823 | D56: 699.90823 | E56: 841.72403 | F56: 1036.8891 | G56: 1333.0898 | H56: 1623.382 | I56: =IFERROR(VLOOKUP($B56,$Q$2:$R$81,2,FALSE),"-") -> 1260 | J56: =IFERROR(VLOOKUP($B56,$T$2:$U$81,2,FALSE),"-") -> 720 | K56: =IFERROR(VLOOKUP($B56,$W$2:$X$81,2,FALSE),"-") -> 811 | L56: =IFERROR(VLOOKUP($B56,$Z$2:$AA$81,2,FALSE),"-") -> 1358 | M56: =IFERROR(VLOOKUP($B56,$AC$2:$AD$81,2,FALSE),"-") -> 790 | Q56: SAMM01 | R56: 8100 | T56: CPVSA03 | U56: 1 | W56: CPVSA01 | X56: 72 | Z56: CHCSSA05 | AA56: 4260
A57: Marshmallow | Q57: SARKS01 | R57: 998 | T57: PMCPSA01 | U57: 1548 | W57: CPVSA02 | X57: 480 | Z57: COBCSA01 | AA57: 1296
A58: The Select Aisle Marshmallow 20g | B58: SAMM01 | C58: 5153.8069 | D58: 5153.8069 | E58: 11189.46 | F58: 10752.24 | G58: 14443.239 | H58: 14771.738 | I58: =IFERROR(VLOOKUP($B58,$Q$2:$R$81,2,FALSE),"-") -> 8100 | J58: =IFERROR(VLOOKUP($B58,$T$2:$U$81,2,FALSE),"-") -> 7380 | K58: =IFERROR(VLOOKUP($B58,$W$2:$X$81,2,FALSE),"-") -> 16560 | L58: =IFERROR(VLOOKUP($B58,$Z$2:$AA$81,2,FALSE),"-") -> 25200 | M58: =IFERROR(VLOOKUP($B58,$AC$2:$AD$81,2,FALSE),"-") -> 24840 | Q58: SCPSSA01 | R58: 96 | T58: PMPPSA01 | U58: 468 | W58: ITCBSA01 | X58: 144 | Z58: COBCSA02 | AA58: 12048
A59: The Select Aisle Fluffles 70g | B59: SAFLVM01 | C59: - | D59: - | E59: - | F59: - | G59: - | H59: - | I59: =IFERROR(VLOOKUP($B59,$Q$2:$R$81,2,FALSE),"-") -> - | J59: =IFERROR(VLOOKUP($B59,$T$2:$U$81,2,FALSE),"-") -> - | K59: =IFERROR(VLOOKUP($B59,$W$2:$X$81,2,FALSE),"-") -> - | L59: =IFERROR(VLOOKUP($B59,$Z$2:$AA$81,2,FALSE),"-") -> - | M59: =IFERROR(VLOOKUP($B59,$AC$2:$AD$81,2,FALSE),"-") -> - | Q59: SCPSSA02 | R59: 144 | T59: SAHC02 | U59: 576 | W59: PMCPSA01 | X59: 756 | Z59: CPVSA01 | AA59: 144
A60: Seasonings | Q60: SCPSSA03 | R60: 288 | T60: SAMM01 | U60: 7380 | W60: PMPPSA01 | X60: 432 | Z60: CPVSA02 | AA60: 456
A61: TSA Paneer Poppers Mix 70g | B61: PMPPSA01 | C61: 381.62999 | D61: 381.62999 | E61: 0 | F61: 0 | G61: 0 | H61: 0 | I61: =IFERROR(VLOOKUP($B61,$Q$2:$R$81,2,FALSE),"-") -> 432 | J61: =IFERROR(VLOOKUP($B61,$T$2:$U$81,2,FALSE),"-") -> 468 | K61: =IFERROR(VLOOKUP($B61,$W$2:$X$81,2,FALSE),"-") -> 432 | L61: =IFERROR(VLOOKUP($B61,$Z$2:$AA$81,2,FALSE),"-") -> - | M61: =IFERROR(VLOOKUP($B61,$AC$2:$AD$81,2,FALSE),"-") -> - | Q61: Grand Total | R61: 218049 | T61: SARKS01 | U61: 800 | W61: SAHC01 | X61: 160 | Z61: ITCBSA01 | AA61: 336
A62: TSA Chicken Poppers Mix 70g | B62: PMCPSA01 | C62: 500.58657 | D62: 500.58657 | E62: 0 | F62: 0 | G62: 0 | H62: 0 | I62: =IFERROR(VLOOKUP($B62,$Q$2:$R$81,2,FALSE),"-") -> 792 | J62: =IFERROR(VLOOKUP($B62,$T$2:$U$81,2,FALSE),"-") -> 1548 | K62: =IFERROR(VLOOKUP($B62,$W$2:$X$81,2,FALSE),"-") -> 756 | L62: =IFERROR(VLOOKUP($B62,$Z$2:$AA$81,2,FALSE),"-") -> - | M62: =IFERROR(VLOOKUP($B62,$AC$2:$AD$81,2,FALSE),"-") -> - | T62: SCPSSA02 | U62: 96 | W62: SAHC02 | X62: 1952 | Z62: SAHAS01 | AA62: 332
A63: TSA Panko Bread Crumbs (Granular) 50g | B63: COBCSA02 | C63: 3579.3813 | D63: 3579.3813 | E63: 6150.3686 | F63: 5799.2203 | G63: 9030.4574 | H63: 9764.1049 | I63: =IFERROR(VLOOKUP($B63,$Q$2:$R$81,2,FALSE),"-") -> 6628 | J63: =IFERROR(VLOOKUP($B63,$T$2:$U$81,2,FALSE),"-") -> 2724 | K63: =IFERROR(VLOOKUP($B63,$W$2:$X$81,2,FALSE),"-") -> 5935 | L63: =IFERROR(VLOOKUP($B63,$Z$2:$AA$81,2,FALSE),"-") -> 12048 | M63: =IFERROR(VLOOKUP($B63,$AC$2:$AD$81,2,FALSE),"-") -> 6360 | T63: SCPSSA03 | U63: 192 | W63: SAMM01 | X63: 16560 | Z63: SAHAS02 | AA63: 219
A64: Mixes | T64: Grand Total | U64: 219700 | W64: SARKS01 | X64: 700 | Z64: SAHC01 | AA64: 32
A65: Custard | B65: CPVSA02 | C65: 566.78871 | D65: 566.78871 | E65: 0 | F65: 0 | G65: 0 | H65: 0 | I65: =IFERROR(VLOOKUP($B65,$Q$2:$R$81,2,FALSE),"-") -> 828 | J65: =IFERROR(VLOOKUP($B65,$T$2:$U$81,2,FALSE),"-") -> 342 | K65: =IFERROR(VLOOKUP($B65,$W$2:$X$81,2,FALSE),"-") -> 480 | L65: =IFERROR(VLOOKUP($B65,$Z$2:$AA$81,2,FALSE),"-") -> 456 | M65: =IFERROR(VLOOKUP($B65,$AC$2:$AD$81,2,FALSE),"-") -> - | W65: SCPSSA02 | X65: 96 | Z65: SAHC02 | AA65: 3744
A66: RTC | W66: SCPSSA03 | X66: 480 | Z66: SAMM01 | AA66: 25200
A67: Kunafa Shreds | B67: SARKS01 | C67: 0 | D67: 92.741816 | E67: 192.56333 | F67: 149.39651 | G67: 0 | H67: 0 | I67: =IFERROR(VLOOKUP($B67,$Q$2:$R$81,2,FALSE),"-") -> 998 | J67: =IFERROR(VLOOKUP($B67,$T$2:$U$81,2,FALSE),"-") -> 800 | K67: =IFERROR(VLOOKUP($B67,$W$2:$X$81,2,FALSE),"-") -> 700 | L67: =IFERROR(VLOOKUP($B67,$Z$2:$AA$81,2,FALSE),"-") -> 468 | M67: =IFERROR(VLOOKUP($B67,$AC$2:$AD$81,2,FALSE),"-") -> 68 | W67: Grand Total | X67: 426722 | Z67: SARKS01 | AA67: 468
A68: Seller Cenral SKUs | Z68: SCPSSA03 | AA68: 720
A69: Halim Seeds 250g | B69: SAHAS01 | C69: - | D69: - | E69: - | F69: 1080 | G69: 900 | H69: 0 | I69: =IFERROR(VLOOKUP($B69,$Q$2:$R$81,2,FALSE),"-") -> - | J69: =IFERROR(VLOOKUP($B69,$T$2:$U$81,2,FALSE),"-") -> - | K69: =IFERROR(VLOOKUP($B69,$W$2:$X$81,2,FALSE),"-") -> - | L69: =IFERROR(VLOOKUP($B69,$Z$2:$AA$81,2,FALSE),"-") -> 332 | M69: =IFERROR(VLOOKUP($B69,$AC$2:$AD$81,2,FALSE),"-") -> -
A70: Halim Seeds 500g | B70: SAHAS02 | C70: - | D70: - | E70: - | F70: 630 | G70: 900 | H70: 0 | I70: =IFERROR(VLOOKUP($B70,$Q$2:$R$81,2,FALSE),"-") -> - | J70: =IFERROR(VLOOKUP($B70,$T$2:$U$81,2,FALSE),"-") -> - | K70: =IFERROR(VLOOKUP($B70,$W$2:$X$81,2,FALSE),"-") -> - | L70: =IFERROR(VLOOKUP($B70,$Z$2:$AA$81,2,FALSE),"-") -> 219 | M70: =IFERROR(VLOOKUP($B70,$AC$2:$AD$81,2,FALSE),"-") -> 105
A71: Dark Choco Chips 1kg | B71: CHCCSA52 | C71: - | D71: - | E71: - | F71: 0 | G71: 0 | H71: 0 | I71: =IFERROR(VLOOKUP($B71,$Q$2:$R$81,2,FALSE),"-") -> - | J71: =IFERROR(VLOOKUP($B71,$T$2:$U$81,2,FALSE),"-") -> - | K71: =IFERROR(VLOOKUP($B71,$W$2:$X$81,2,FALSE),"-") -> - | L71: =IFERROR(VLOOKUP($B71,$Z$2:$AA$81,2,FALSE),"-") -> 244 | M71: =IFERROR(VLOOKUP($B71,$AC$2:$AD$81,2,FALSE),"-") -> 30
A72: White Choco Chips 1kg | B72: CHCCSA53 | C72: - | D72: - | E72: - | F72: 0 | G72: 0 | H72: 0 | I72: =IFERROR(VLOOKUP($B72,$Q$2:$R$81,2,FALSE),"-") -> - | J72: =IFERROR(VLOOKUP($B72,$T$2:$U$81,2,FALSE),"-") -> - | K72: =IFERROR(VLOOKUP($B72,$W$2:$X$81,2,FALSE),"-") -> - | L72: =IFERROR(VLOOKUP($B72,$Z$2:$AA$81,2,FALSE),"-") -> 244 | M72: =IFERROR(VLOOKUP($B72,$AC$2:$AD$81,2,FALSE),"-") -> 30
A73: Monk Fruit 170g | B73: BISWSA06 | C73: - | D73: - | E73: - | F73: 360 | G73: 450 | H73: 0 | I73: =IFERROR(VLOOKUP($B73,$Q$2:$R$81,2,FALSE),"-") -> - | J73: =IFERROR(VLOOKUP($B73,$T$2:$U$81,2,FALSE),"-") -> - | K73: =IFERROR(VLOOKUP($B73,$W$2:$X$81,2,FALSE),"-") -> - | L73: =IFERROR(VLOOKUP($B73,$Z$2:$AA$81,2,FALSE),"-") -> 384 | M73: =IFERROR(VLOOKUP($B73,$AC$2:$AD$81,2,FALSE),"-") -> -
A74: Cocoa Powder 500g | B74: CHCOSA07 | C74: - | D74: - | E74: - | F74: 0 | G74: 0 | H74: 0 | I74: =IFERROR(VLOOKUP($B74,$Q$2:$R$81,2,FALSE),"-") -> - | J74: =IFERROR(VLOOKUP($B74,$T$2:$U$81,2,FALSE),"-") -> - | K74: =IFERROR(VLOOKUP($B74,$W$2:$X$81,2,FALSE),"-") -> - | L74: =IFERROR(VLOOKUP($B74,$Z$2:$AA$81,2,FALSE),"-") -> 268 | M74: =IFERROR(VLOOKUP($B74,$AC$2:$AD$81,2,FALSE),"-") -> -
A75: Nutritional Yeast Flakes 45g | B75: SANYF01 | C75: - | D75: - | E75: - | F75: - | G75: 180 | H75: 0 | I75: =IFERROR(VLOOKUP($B75,$Q$2:$R$81,2,FALSE),"-") -> - | J75: =IFERROR(VLOOKUP($B75,$T$2:$U$81,2,FALSE),"-") -> - | K75: =IFERROR(VLOOKUP($B75,$W$2:$X$81,2,FALSE),"-") -> - | L75: =IFERROR(VLOOKUP($B75,$Z$2:$AA$81,2,FALSE),"-") -> - | M75: =IFERROR(VLOOKUP($B75,$AC$2:$AD$81,2,FALSE),"-") -> -

Sheet Hyderabad DP
C1: Demand Plan | I1: Primary Sales
B2: SKU Code | C2: 46113 | D2: 46143 | E2: 46174 | F2: 46204 | G2: 46235 | H2: 46266 | I2: 46113 | J2: 46143 | K2: 46174 | L2: 46204 | M2: 46235 | O2: SKU ID | P2: 46113 | R2: Row Labels | S2: 46143 | V2: Row Labels | W2: 46174 | Z2: Row Labels | AA2: 46204 | AC2: Row Labels | AD2: 46235
A3: Product | C3: TOTAL (in pcs) | D3: TOTAL (in pcs) | E3: TOTAL (in pcs) | F3: TOTAL (in pcs) | G3: TOTAL (in pcs) | H3: TOTAL (in pcs) | I3: TOTAL (in pcs) | J3: TOTAL (in pcs) | K3: TOTAL (in pcs) | L3: TOTAL (in pcs) | M3: TOTAL (in pcs) | O3: BIBMSA01 | P3: 80 | R3: BIBMSA01 | S3: 52 | V3: BIBMSA01 | W3: 78 | Z3: BICCPSA01 | AA3: 98 | AC3: BIBMSA01 | AD3: 26
A4: Compound Chocolate & Cocoa | O4: BICCPSA01 | P4: 84 | R4: BICCPSA01 | S4: 84 | V4: BICCPSA01 | W4: 140 | Z4: BICPSA01 | AA4: 494 | AC4: BICPSA01 | AD4: 390
A5: The Select Aisle Dark Compound Chocolate Chips - 150g | B5: CHCCSA35 | C5: 2862.5849 | D5: 2862.5849 | E5: 3685.4944 | F5: 3323.2398 | G5: 5894.1527 | H5: 4548.5054 | I5: =IFERROR(VLOOKUP($B5,$O$2:$P$55,2,FALSE),"-") -> 3096 | J5: =IFERROR(VLOOKUP($B5,$R$2:$S$65,2,FALSE),"-") -> 4536 | K5: =IFERROR(VLOOKUP($B5,$V$2:$W$65,2,FALSE),"-") -> 4536 | L5: =IFERROR(VLOOKUP($B5,$Z$2:$AA$65,2,FALSE),"-") -> 5256 | M5: =IFERROR(VLOOKUP($B5,$AC$2:$AD$65,2,FALSE),"-") -> 3300 | O5: BICPSA01 | P5: 260 | R5: BICPSA01 | S5: 312 | V5: BICPSA01 | W5: 416 | Z5: BICPSA02 | AA5: 936 | AC5: BICPSA02 | AD5: 520
A6: TSA Dark Compound Chocolate Chips 50g | B6: CHCCSA48 | C6: 3487.3107 | D6: 3487.3107 | E6: 6907.7922 | F6: 6380.0594 | G6: 6360.531 | H6: 6389.1951 | I6: =IFERROR(VLOOKUP($B6,$O$2:$P$55,2,FALSE),"-") -> 5280 | J6: =IFERROR(VLOOKUP($B6,$R$2:$S$65,2,FALSE),"-") -> 5220 | K6: =IFERROR(VLOOKUP($B6,$V$2:$W$65,2,FALSE),"-") -> 4320 | L6: =IFERROR(VLOOKUP($B6,$Z$2:$AA$65,2,FALSE),"-") -> 4320 | M6: =IFERROR(VLOOKUP($B6,$AC$2:$AD$65,2,FALSE),"-") -> 3780 | O6: BICPSA02 | P6: 130 | R6: BICPSA02 | S6: 364 | V6: BICPSA02 | W6: 650 | Z6: BIEFSA01 | AA6: 2352 | AC6: BIEFSA01 | AD6: 1536
A7: The Select Aisle's Dark Chocolate Chips - 250g | B7: CHCCSA47 | C7: - | D7: - | E7: - | F7: - | G7: - | H7: - | I7: =IFERROR(VLOOKUP($B7,$O$2:$P$55,2,FALSE),"-") -> - | J7: =IFERROR(VLOOKUP($B7,$R$2:$S$65,2,FALSE),"-") -> - | K7: =IFERROR(VLOOKUP($B7,$V$2:$W$65,2,FALSE),"-") -> - | L7: =IFERROR(VLOOKUP($B7,$Z$2:$AA$65,2,FALSE),"-") -> - | M7: =IFERROR(VLOOKUP($B7,$AC$2:$AD$65,2,FALSE),"-") -> - | O7: BIEFSA01 | P7: 336 | R7: BIEFSA01 | S7: 2112 | V7: BIEFSA01 | W7: 4560 | Z7: BIEFSA15 | AA7: 10656 | AC7: BIEFSA15 | AD7: 6144
A8: The Select Aisle Milk Compound Chocolate Chips - 150g | B8: CHCCSA33 | C8: 2354.5005 | D8: 2354.5005 | E8: 1909.3843 | F8: 2591.3838 | G8: 2766.0295 | H8: 2645.7197 | I8: =IFERROR(VLOOKUP($B8,$O$2:$P$55,2,FALSE),"-") -> 2712 | J8: =IFERROR(VLOOKUP($B8,$R$2:$S$65,2,FALSE),"-") -> 3384 | K8: =IFERROR(VLOOKUP($B8,$V$2:$W$65,2,FALSE),"-") -> 2736 | L8: =IFERROR(VLOOKUP($B8,$Z$2:$AA$65,2,FALSE),"-") -> 2952 | M8: =IFERROR(VLOOKUP($B8,$AC$2:$AD$65,2,FALSE),"-") -> 2592 | O8: BIEFSA15 | P8: 6240 | R8: BIEFSA15 | S8: 10368 | V8: BIEFSA15 | W8: 13440 | Z8: BIEFSA16 | AA8: 1040 | AC8: BIEFSA16 | AD8: 960
A9: TSA Milk Compound Chocolate Chips 50g | B9: CHCCSA49 | C9: 2537.0662 | D9: 2537.0662 | E9: 4263.5854 | F9: 3790.0095 | G9: 3031.0963 | H9: 2896.6054 | I9: =IFERROR(VLOOKUP($B9,$O$2:$P$55,2,FALSE),"-") -> 2700 | J9: =IFERROR(VLOOKUP($B9,$R$2:$S$65,2,FALSE),"-") -> 3600 | K9: =IFERROR(VLOOKUP($B9,$V$2:$W$65,2,FALSE),"-") -> 2160 | L9: =IFERROR(VLOOKUP($B9,$Z$2:$AA$65,2,FALSE),"-") -> 1800 | M9: =IFERROR(VLOOKUP($B9,$AC$2:$AD$65,2,FALSE),"-") -> 1260 | O9: BIEFSA16 | P9: 448 | R9: BIEFSA16 | S9: 1124 | V9: BIEFSA16 | W9: 1248 | Z9: BIFISA03 | AA9: 504 | AC9: BIFISA03 | AD9: 616
A10: The Select Aisle White Compound Chocolate Chips | B10: CHCCSA34 | C10: 452.89511 | D10: 452.89511 | E10: 366.05215 | F10: 466.12529 | G10: 746.82751 | H10: 634.42338 | I10: =IFERROR(VLOOKUP($B10,$O$2:$P$55,2,FALSE),"-") -> 384 | J10: =IFERROR(VLOOKUP($B10,$R$2:$S$65,2,FALSE),"-") -> 480 | K10: =IFERROR(VLOOKUP($B10,$V$2:$W$65,2,FALSE),"-") -> 480 | L10: =IFERROR(VLOOKUP($B10,$Z$2:$AA$65,2,FALSE),"-") -> 336 | M10: =IFERROR(VLOOKUP($B10,$AC$2:$AD$65,2,FALSE),"-") -> 432 | O10: BIFISA03 | P10: 280 | R10: BIFISA03 | S10: 392 | V10: BIFISA03 | W10: 336 | Z10: BIFISA07 | AA10: 13968 | AC10: BIFISA07 | AD10: 13536
A11: The Select Aisle Twin Chocolate Chips 50g | B11: CHCCSA50 | C11: 59.402962 | D11: 59.402962 | E11: 401.17465 | F11: 337.99688 | G11: 475.05458 | H11: 432.41809 | I11: =IFERROR(VLOOKUP($B11,$O$2:$P$55,2,FALSE),"-") -> 270 | J11: =IFERROR(VLOOKUP($B11,$R$2:$S$65,2,FALSE),"-") -> 990 | K11: =IFERROR(VLOOKUP($B11,$V$2:$W$65,2,FALSE),"-") -> 1260 | L11: =IFERROR(VLOOKUP($B11,$Z$2:$AA$65,2,FALSE),"-") -> 270 | M11: =IFERROR(VLOOKUP($B11,$AC$2:$AD$65,2,FALSE),"-") -> 540 | O11: BIFISA07 | P11: 4032 | R11: BIFISA07 | S11: 8496 | V11: BIFISA07 | W11: 11088 | Z11: BIFISA09 | AA11: 540 | AC11: BIFISA09 | AD11: 486
A12: The Select Aisle Dark Compound Chocolate Slab 500g | B12: CHCCSSA01 | C12: 2102.1754 | D12: 2102.1754 | E12: 3382.2936 | F12: 2961.9322 | G12: 4061.6333 | H12: 4086.4702 | I12: =IFERROR(VLOOKUP($B12,$O$2:$P$55,2,FALSE),"-") -> 1780 | J12: =IFERROR(VLOOKUP($B12,$R$2:$S$65,2,FALSE),"-") -> 2000 | K12: =IFERROR(VLOOKUP($B12,$V$2:$W$65,2,FALSE),"-") -> 3520 | L12: =IFERROR(VLOOKUP($B12,$Z$2:$AA$65,2,FALSE),"-") -> 4880 | M12: =IFERROR(VLOOKUP($B12,$AC$2:$AD$65,2,FALSE),"-") -> 3820 | O12: BIFISA09 | P12: 1674 | R12: BIFISA09 | S12: 3780 | V12: BIFISA09 | W12: 2214 | Z12: BIFISA10 | AA12: 1980 | AC12: BIFISA10 | AD12: 2484
A13: The Select Aisle Milk Compound Chocolate Bar 500 g | B13: CHCSSA04 | C13: - | D13: - | E13: 285.08772 | F13: 250.55066 | G13: 428.48641 | H13: 511.05631 | I13: =IFERROR(VLOOKUP($B13,$O$2:$P$55,2,FALSE),"-") -> 20 | J13: =IFERROR(VLOOKUP($B13,$R$2:$S$65,2,FALSE),"-") -> 740 | K13: =IFERROR(VLOOKUP($B13,$V$2:$W$65,2,FALSE),"-") -> 500 | L13: =IFERROR(VLOOKUP($B13,$Z$2:$AA$65,2,FALSE),"-") -> 184 | M13: =IFERROR(VLOOKUP($B13,$AC$2:$AD$65,2,FALSE),"-") -> 20 | O13: BIFISA10 | P13: 1080 | R13: BIFISA10 | S13: 2160 | V13: BIFISA10 | W13: 1872 | Z13: BIFISA11 | AA13: 108 | AC13: BIFISA11 | AD13: 324
A14: The Select Aisle White Compound Chocolate Bar 500 g | B14: CHCSSA05 | C14: - | D14: - | E14: 466.66667 | F14: 104.37018 | G14: 380.48402 | H14: 388.33254 | I14: =IFERROR(VLOOKUP($B14,$O$2:$P$55,2,FALSE),"-") -> 20 | J14: =IFERROR(VLOOKUP($B14,$R$2:$S$65,2,FALSE),"-") -> 419 | K14: =IFERROR(VLOOKUP($B14,$V$2:$W$65,2,FALSE),"-") -> 360 | L14: =IFERROR(VLOOKUP($B14,$Z$2:$AA$65,2,FALSE),"-") -> 424 | M14: =IFERROR(VLOOKUP($B14,$AC$2:$AD$65,2,FALSE),"-") -> 40 | O14: BIFISA11 | P14: 486 | R14: BIFISA11 | S14: 702 | V14: BIFISA11 | W14: 1026 | Z14: BIFISA12 | AC14: BIFISA12 | AD14: 160
A15: The Select Aisle Dark Compound Chocolate Slab 150g | B15: CHCSSA02 | C15: 361.8331 | D15: 361.8331 | E15: 636.03007 | F15: 516.69944 | G15: 998.69327 | H15: 585.46139 | I15: =IFERROR(VLOOKUP($B15,$O$2:$P$55,2,FALSE),"-") -> 180 | J15: =IFERROR(VLOOKUP($B15,$R$2:$S$65,2,FALSE),"-") -> 420 | K15: =IFERROR(VLOOKUP($B15,$V$2:$W$65,2,FALSE),"-") -> 960 | L15: =IFERROR(VLOOKUP($B15,$Z$2:$AA$65,2,FALSE),"-") -> 720 | M15: =IFERROR(VLOOKUP($B15,$AC$2:$AD$65,2,FALSE),"-") -> 180 | O15: BIMCSA01 | P15: 270 | R15: BIMCSA01 | S15: 360 | V15: BIMCSA01 | W15: 149 | Z15: BIMCSA01 | AA15: 237 | AC15: BIMCSA01 | AD15: 344
A16: The Select Aisle Milk Compound Chocolate Slab 150g | B16: CHCSSA03 | C16: 317.41287 | D16: 317.41287 | E16: 547.84483 | F16: 373.59684 | G16: 713.50292 | H16: 471.0598 | I16: =IFERROR(VLOOKUP($B16,$O$2:$P$55,2,FALSE),"-") -> 180 | J16: =IFERROR(VLOOKUP($B16,$R$2:$S$65,2,FALSE),"-") -> 480 | K16: =IFERROR(VLOOKUP($B16,$V$2:$W$65,2,FALSE),"-") -> 720 | L16: =IFERROR(VLOOKUP($B16,$Z$2:$AA$65,2,FALSE),"-") -> 540 | M16: =IFERROR(VLOOKUP($B16,$AC$2:$AD$65,2,FALSE),"-") -> 180 | O16: BISWSA05 | P16: 336 | R16: BISWSA05 | S16: 336 | V16: BISWSA05 | W16: 336 | Z16: BISWSA05 | AA16: 168 | AC16: BISWSA05 | AD16: 504
A17: The Select Aisle Cocoa Powder 70g | B17: CHCOSA06 | C17: 1869.9362 | D17: 1869.9362 | E17: 1683.6635 | F17: 1830.0148 | G17: 2541.8685 | H17: 2509.7998 | I17: =IFERROR(VLOOKUP($B17,$O$2:$P$55,2,FALSE),"-") -> 1536 | J17: =IFERROR(VLOOKUP($B17,$R$2:$S$65,2,FALSE),"-") -> 3136 | K17: =IFERROR(VLOOKUP($B17,$V$2:$W$65,2,FALSE),"-") -> 3200 | L17: =IFERROR(VLOOKUP($B17,$Z$2:$AA$65,2,FALSE),"-") -> 2112 | M17: =IFERROR(VLOOKUP($B17,$AC$2:$AD$65,2,FALSE),"-") -> 3264 | O17: BSFLSA03 | P17: 96 | R17: BSLASA04 | S17: 10368 | V17: BSFLSA03 | W17: 24 | Z17: BISWSA06 | AA17: 168 | AC17: BISWSA06 | AD17: 24
A18: The Select Aisle Dutch Processed Cocoa Powder 250g | B18: CHCOSA01 | C18: 39.156331 | D18: 39.156331 | E18: 210.64678 | F18: 155.76102 | G18: 110.68547 | H18: 102.51051 | I18: =IFERROR(VLOOKUP($B18,$O$2:$P$55,2,FALSE),"-") -> 80 | J18: =IFERROR(VLOOKUP($B18,$R$2:$S$65,2,FALSE),"-") -> 200 | K18: =IFERROR(VLOOKUP($B18,$V$2:$W$65,2,FALSE),"-") -> 280 | L18: =IFERROR(VLOOKUP($B18,$Z$2:$AA$65,2,FALSE),"-") -> 180 | M18: =IFERROR(VLOOKUP($B18,$AC$2:$AD$65,2,FALSE),"-") -> 300 | O18: BSLASA04 | P18: 2592 | R18: BSLASA05 | S18: 4512 | V18: BSLASA04 | W18: 5952 | Z18: BSFLSA03 | AA18: 120 | AC18: BSLASA04 | AD18: 7776
A19: The Select Aisle Drinking Chocolate 200g | B19: SAHC02 | C19: 152.61216 | D19: 152.61216 | E19: 215.7609 | F19: 284.53745 | G19: 358.90386 | H19: 515.55114 | I19: =IFERROR(VLOOKUP($B19,$O$2:$P$55,2,FALSE),"-") -> 128 | J19: =IFERROR(VLOOKUP($B19,$R$2:$S$65,2,FALSE),"-") -> 160 | K19: =IFERROR(VLOOKUP($B19,$V$2:$W$65,2,FALSE),"-") -> 544 | L19: =IFERROR(VLOOKUP($B19,$Z$2:$AA$65,2,FALSE),"-") -> 704 | M19: =IFERROR(VLOOKUP($B19,$AC$2:$AD$65,2,FALSE),"-") -> 128 | O19: BSLASA05 | P19: 1344 | R19: BSLASA10 | S19: 792 | V19: BSLASA05 | W19: 4704 | Z19: BSLASA04 | AA19: 4608 | AC19: BSLASA05 | AD19: 4896
A20: Functional Ingredients | O20: BSLASA10 | P20: 576 | R20: CDCLSA01 | S20: 200 | V20: BSLASA10 | W20: 1008 | Z20: BSLASA05 | AA20: 3840 | AC20: BSLASA10 | AD20: 816
A21: The Select Aisle Baking Soda - 100g | B21: BSLASA04 | C21: 4054.6344 | D21: 4054.6344 | E21: 4278.9155 | F21: 3624.81 | G21: 4909.5192 | H21: 4916.3905 | I21: =IFERROR(VLOOKUP($B21,$O$2:$P$55,2,FALSE),"-") -> 2592 | J21: =IFERROR(VLOOKUP($B21,$R$2:$S$65,2,FALSE),"-") -> 10368 | K21: =IFERROR(VLOOKUP($B21,$V$2:$W$65,2,FALSE),"-") -> 5952 | L21: =IFERROR(VLOOKUP($B21,$Z$2:$AA$65,2,FALSE),"-") -> 4608 | M21: =IFERROR(VLOOKUP($B21,$AC$2:$AD$65,2,FALSE),"-") -> 7776 | O21: CDCLSA01 | P21: 120 | R21: CDCLSA03 | S21: 20 | V21: CDCLSA01 | W21: 190 | Z21: BSLASA10 | AA21: 288 | AC21: CDCLSA01 | AD21: 200
A22: The Select Aisle Baking Soda - 1kg | B22: BSLASA08 | C22: - | D22: - | E22: 121.82741 | F22: 83.682008 | G22: 160 | H22: 167.57493 | I22: =IFERROR(VLOOKUP($B22,$O$2:$P$55,2,FALSE),"-") -> - | J22: =IFERROR(VLOOKUP($B22,$R$2:$S$65,2,FALSE),"-") -> - | K22: =IFERROR(VLOOKUP($B22,$V$2:$W$65,2,FALSE),"-") -> - | L22: =IFERROR(VLOOKUP($B22,$Z$2:$AA$65,2,FALSE),"-") -> - | M22: =IFERROR(VLOOKUP($B22,$AC$2:$AD$65,2,FALSE),"-") -> - | O22: CDCLSA04 | P22: 160 | R22: CDCLSA04 | S22: 120 | V22: CDCLSA04 | W22: 120 | Z22: CDCLSA01 | AA22: 120 | AC22: CDCLSA04 | AD22: 160
A23: The Select Aisle Double Acting Baking Powder - 100g | B23: BSLASA05 | C23: 1783.9144 | D23: 1783.9144 | E23: 2844.856 | F23: 2128.5826 | G23: 4027.491 | H23: 3127.0974 | I23: =IFERROR(VLOOKUP($B23,$O$2:$P$55,2,FALSE),"-") -> 1344 | J23: =IFERROR(VLOOKUP($B23,$R$2:$S$65,2,FALSE),"-") -> 4512 | K23: =IFERROR(VLOOKUP($B23,$V$2:$W$65,2,FALSE),"-") -> 4704 | L23: =IFERROR(VLOOKUP($B23,$Z$2:$AA$65,2,FALSE),"-") -> 3840 | M23: =IFERROR(VLOOKUP($B23,$AC$2:$AD$65,2,FALSE),"-") -> 4896 | O23: CDCLSA05 | P23: 80 | R23: CDCLSA05 | S23: 180 | V23: CDCLSA05 | W23: 390 | Z23: CDCLSA04 | AA23: 160 | AC23: CDCLSA05 | AD23: 120
A24: The Select Aisle Dry Instant Yeast - 25g | B24: BIFISA07 | C24: 6696.1514 | D24: 6696.1514 | E24: 8807.2501 | F24: 8432.6158 | G24: 13209.215 | H24: 13200.026 | I24: =IFERROR(VLOOKUP($B24,$O$2:$P$55,2,FALSE),"-") -> 4032 | J24: =IFERROR(VLOOKUP($B24,$R$2:$S$65,2,FALSE),"-") -> 8496 | K24: =IFERROR(VLOOKUP($B24,$V$2:$W$65,2,FALSE),"-") -> 11088 | L24: =IFERROR(VLOOKUP($B24,$Z$2:$AA$65,2,FALSE),"-") -> 13968 | M24: =IFERROR(VLOOKUP($B24,$AC$2:$AD$65,2,FALSE),"-") -> 13536 | O24: CDCLSA06 | P24: 30 | R24: CDSPSA23 | S24: 576 | V24: CDCLSA06 | W24: 30 | Z24: CDCLSA05 | AA24: 120 | AC24: CDSPSA23 | AD24: 624
A25: The Select Aisle Dry Instant Yeast - 75g | B25: BIFISA03 | C25: 384.41841 | D25: 384.41841 | E25: 448.67968 | F25: 440.53764 | G25: 504.35118 | H25: 750.78864 | I25: =IFERROR(VLOOKUP($B25,$O$2:$P$55,2,FALSE),"-") -> 280 | J25: =IFERROR(VLOOKUP($B25,$R$2:$S$65,2,FALSE),"-") -> 392 | K25: =IFERROR(VLOOKUP($B25,$V$2:$W$65,2,FALSE),"-") -> 336 | L25: =IFERROR(VLOOKUP($B25,$Z$2:$AA$65,2,FALSE),"-") -> 504 | M25: =IFERROR(VLOOKUP($B25,$AC$2:$AD$65,2,FALSE),"-") -> 616 | O25: CDSPSA23 | P25: 336 | R25: CDSPSA24 | S25: 336 | V25: CDSPSA23 | W25: 576 | Z25: CDCLSA06 | AA25: 40 | AC25: CDSPSA24 | AD25: 240
A26: The Select Aisle Agar Agar - 20g | B26: BIFISA09 | C26: 2073.7746 | D26: 2073.7746 | E26: 1644.2924 | F26: 1511.2585 | G26: 939.81052 | H26: 786.44722 | I26: =IFERROR(VLOOKUP($B26,$O$2:$P$55,2,FALSE),"-") -> 1674 | J26: =IFERROR(VLOOKUP($B26,$R$2:$S$65,2,FALSE),"-") -> 3780 | K26: =IFERROR(VLOOKUP($B26,$V$2:$W$65,2,FALSE),"-") -> 2214 | L26: =IFERROR(VLOOKUP($B26,$Z$2:$AA$65,2,FALSE),"-") -> 540 | M26: =IFERROR(VLOOKUP($B26,$AC$2:$AD$65,2,FALSE),"-") -> 486 | O26: CDSPSA24 | P26: 384 | R26: CDSPSA40 | S26: 288 | V26: CDSPSA24 | W26: 192 | Z26: CDSPSA23 | AA26: 432 | AC26: CDSPSA40 | AD26: 672
A27: The Select Aisle Gelatin | B27: BIFISA11 | C27: 599.06764 | D27: 599.06764 | E27: 664.52457 | F27: 650.50231 | G27: 860.2276 | H27: 708.37067 | I27: =IFERROR(VLOOKUP($B27,$O$2:$P$55,2,FALSE),"-") -> 486 | J27: =IFERROR(VLOOKUP($B27,$R$2:$S$65,2,FALSE),"-") -> 702 | K27: =IFERROR(VLOOKUP($B27,$V$2:$W$65,2,FALSE),"-") -> 1026 | L27: =IFERROR(VLOOKUP($B27,$Z$2:$AA$65,2,FALSE),"-") -> 108 | M27: =IFERROR(VLOOKUP($B27,$AC$2:$AD$65,2,FALSE),"-") -> 324 | O27: CDSPSA40 | P27: 192 | R27: CDSPSA44 | S27: 192 | V27: CDSPSA40 | W27: 384 | Z27: CDSPSA24 | AA27: 144 | AC27: CDSPSA44 | AD27: 144
A28: The Select Aisle Citric Acid | B28: BSLASA10 | C28: 694.09098 | D28: 694.09098 | E28: 837.45899 | F28: 791.93213 | G28: 893.72337 | H28: 919.5525 | I28: =IFERROR(VLOOKUP($B28,$O$2:$P$55,2,FALSE),"-") -> 576 | J28: =IFERROR(VLOOKUP($B28,$R$2:$S$65,2,FALSE),"-") -> 792 | K28: =IFERROR(VLOOKUP($B28,$V$2:$W$65,2,FALSE),"-") -> 1008 | L28: =IFERROR(VLOOKUP($B28,$Z$2:$AA$65,2,FALSE),"-") -> 288 | M28: =IFERROR(VLOOKUP($B28,$AC$2:$AD$65,2,FALSE),"-") -> 816 | O28: CDSPSA44 | P28: 48 | R28: CDSPSA54 | S28: 240 | V28: CDSPSA44 | W28: 336 | Z28: CDSPSA40 | AA28: 336 | AC28: CDSPSA54 | AD28: 240
A29: The Select Aisle Corn Flour | B29: BIFISA10 | C29: 1649.5318 | D29: 1649.5318 | E29: 1645.0427 | F29: 2271.2267 | G29: 2799.6242 | H29: 4125.3887 | I29: =IFERROR(VLOOKUP($B29,$O$2:$P$55,2,FALSE),"-") -> 1080 | J29: =IFERROR(VLOOKUP($B29,$R$2:$S$65,2,FALSE),"-") -> 2160 | K29: =IFERROR(VLOOKUP($B29,$V$2:$W$65,2,FALSE),"-") -> 1872 | L29: =IFERROR(VLOOKUP($B29,$Z$2:$AA$65,2,FALSE),"-") -> 1980 | M29: =IFERROR(VLOOKUP($B29,$AC$2:$AD$65,2,FALSE),"-") -> 2484 | O29: CDSPSA54 | P29: 240 | R29: CDTFSA01 | S29: 1008 | V29: CDSPSA54 | W29: 288 | Z29: CDSPSA44 | AA29: 240 | AC29: CDTFSA01 | AD29: 792
A30: The Select Aisle Icing Sugar 300g | B30: BISWSA05 | C30: 331.32295 | D30: 331.32295 | E30: 431.68207 | F30: 344.83402 | G30: 428.41705 | H30: 346.37993 | I30: =IFERROR(VLOOKUP($B30,$O$2:$P$55,2,FALSE),"-") -> 336 | J30: =IFERROR(VLOOKUP($B30,$R$2:$S$65,2,FALSE),"-") -> 336 | K30: =IFERROR(VLOOKUP($B30,$V$2:$W$65,2,FALSE),"-") -> 336 | L30: =IFERROR(VLOOKUP($B30,$Z$2:$AA$65,2,FALSE),"-") -> 168 | M30: =IFERROR(VLOOKUP($B30,$AC$2:$AD$65,2,FALSE),"-") -> 504 | O30: CDTFSA01 | P30: 1212 | R30: CHCCSA33 | S30: 3384 | V30: CDTFSA01 | W30: 1368 | Z30: CDSPSA54 | AA30: 96 | AC30: CHCCSA33 | AD30: 2592
A31: The Select Aisle T55 Baking Flour - 453g | B31: BSFLSA03 | C31: 0 | D31: 0 | E31: 0 | F31: 0 | G31: 0 | H31: 0 | I31: =IFERROR(VLOOKUP($B31,$O$2:$P$55,2,FALSE),"-") -> 96 | J31: =IFERROR(VLOOKUP($B31,$R$2:$S$65,2,FALSE),"-") -> - | K31: =IFERROR(VLOOKUP($B31,$V$2:$W$65,2,FALSE),"-") -> 24 | L31: =IFERROR(VLOOKUP($B31,$Z$2:$AA$65,2,FALSE),"-") -> 120 | M31: =IFERROR(VLOOKUP($B31,$AC$2:$AD$65,2,FALSE),"-") -> - | O31: CHCCSA33 | P31: 2712 | R31: CHCCSA34 | S31: 480 | V31: CHCCSA33 | W31: 2736 | Z31: CDTFSA01 | AA31: 648 | AC31: CHCCSA34 | AD31: 432
A32: Colours & Flavours | O32: CHCCSA34 | P32: 384 | R32: CHCCSA35 | S32: 4536 | V32: CHCCSA34 | W32: 480 | Z32: CHCCSA33 | AA32: 2952 | AC32: CHCCSA35 | AD32: 3300
A33: The Select Aisle Vanilla Essence 30 ml | B33: BIEFSA15 | C33: 5529.2667 | D33: 5529.2667 | E33: 5138.2702 | F33: 8306.8827 | G33: 9299.8431 | H33: 10144.435 | I33: =IFERROR(VLOOKUP($B33,$O$2:$P$55,2,FALSE),"-") -> 6240 | J33: =IFERROR(VLOOKUP($B33,$R$2:$S$65,2,FALSE),"-") -> 10368 | K33: =IFERROR(VLOOKUP($B33,$V$2:$W$65,2,FALSE),"-") -> 13440 | L33: =IFERROR(VLOOKUP($B33,$Z$2:$AA$65,2,FALSE),"-") -> 10656 | M33: =IFERROR(VLOOKUP($B33,$AC$2:$AD$65,2,FALSE),"-") -> 6144 | O33: CHCCSA35 | P33: 3096 | R33: CHCCSA48 | S33: 5220 | V33: CHCCSA35 | W33: 4536 | Z33: CHCCSA34 | AA33: 336 | AC33: CHCCSA36 | AD33: 96
A34: The Select Aisle Vanilla Flavour - 100ml | B34: BIEFSA01 | C34: 1296.0849 | D34: 1296.0849 | E34: 2177.2658 | F34: 1670.1675 | G34: 2290.3179 | H34: 2146.3812 | I34: =IFERROR(VLOOKUP($B34,$O$2:$P$55,2,FALSE),"-") -> 336 | J34: =IFERROR(VLOOKUP($B34,$R$2:$S$65,2,FALSE),"-") -> 2112 | K34: =IFERROR(VLOOKUP($B34,$V$2:$W$65,2,FALSE),"-") -> 4560 | L34: =IFERROR(VLOOKUP($B34,$Z$2:$AA$65,2,FALSE),"-") -> 2352 | M34: =IFERROR(VLOOKUP($B34,$AC$2:$AD$65,2,FALSE),"-") -> 1536 | O34: CHCCSA48 | P34: 5280 | R34: CHCCSA49 | S34: 3600 | V34: CHCCSA48 | W34: 4320 | Z34: CHCCSA35 | AA34: 5256 | AC34: CHCCSA48 | AD34: 3780
A35: The Select Aisle Vanilla Extract - 30ml | B35: BIEFSA16 | C35: 679.0162 | D35: 679.0162 | E35: 827.91415 | F35: 691.01109 | G35: 1275.441 | H35: 1142.4285 | I35: =IFERROR(VLOOKUP($B35,$O$2:$P$55,2,FALSE),"-") -> 448 | J35: =IFERROR(VLOOKUP($B35,$R$2:$S$65,2,FALSE),"-") -> 1124 | K35: =IFERROR(VLOOKUP($B35,$V$2:$W$65,2,FALSE),"-") -> 1248 | L35: =IFERROR(VLOOKUP($B35,$Z$2:$AA$65,2,FALSE),"-") -> 1040 | M35: =IFERROR(VLOOKUP($B35,$AC$2:$AD$65,2,FALSE),"-") -> 960 | O35: CHCCSA49 | P35: 2700 | R35: CHCCSA50 | S35: 990 | V35: CHCCSA49 | W35: 2160 | Z35: CHCCSA36 | AC35: CHCCSA49 | AD35: 1260
A36: The Select Aisle Yellow Gel Food Colour 30ml | B36: CDCLSA05 | C36: 146.58353 | D36: 146.58353 | E36: 139.64746 | F36: 130.23789 | G36: 156.79973 | H36: 128 | I36: =IFERROR(VLOOKUP($B36,$O$2:$P$55,2,FALSE),"-") -> 80 | J36: =IFERROR(VLOOKUP($B36,$R$2:$S$65,2,FALSE),"-") -> 180 | K36: =IFERROR(VLOOKUP($B36,$V$2:$W$65,2,FALSE),"-") -> 390 | L36: =IFERROR(VLOOKUP($B36,$Z$2:$AA$65,2,FALSE),"-") -> 120 | M36: =IFERROR(VLOOKUP($B36,$AC$2:$AD$65,2,FALSE),"-") -> 120 | O36: CHCCSA50 | P36: 270 | R36: CHCCSSA01 | S36: 2000 | V36: CHCCSA50 | W36: 1260 | Z36: CHCCSA48 | AA36: 4320 | AC36: CHCCSA50 | AD36: 540
A37: The Select Aisle Red Gel Food Colour 30ml | B37: CDCLSA01 | C37: 261.14286 | D37: 261.14286 | E37: 214.28464 | F37: 170.61287 | G37: 240.87538 | H37: 211.17143 | I37: =IFERROR(VLOOKUP($B37,$O$2:$P$55,2,FALSE),"-") -> 120 | J37: =IFERROR(VLOOKUP($B37,$R$2:$S$65,2,FALSE),"-") -> 200 | K37: =IFERROR(VLOOKUP($B37,$V$2:$W$65,2,FALSE),"-") -> 190 | L37: =IFERROR(VLOOKUP($B37,$Z$2:$AA$65,2,FALSE),"-") -> 120 | M37: =IFERROR(VLOOKUP($B37,$AC$2:$AD$65,2,FALSE),"-") -> 200 | O37: CHCCSSA01 | P37: 1780 | R37: CHCOSA01 | S37: 200 | V37: CHCCSSA01 | W37: 3520 | Z37: CHCCSA49 | AA37: 1800 | AC37: CHCCSA52 | AD37: 24
A38: The Select Aisle Dark Green Gel Food Colour 30ml | B38: CDCLSA02 | C38: 0 | D38: 0 | E38: - | F38: - | G38: - | H38: 0 | I38: =IFERROR(VLOOKUP($B38,$O$2:$P$55,2,FALSE),"-") -> - | J38: =IFERROR(VLOOKUP($B38,$R$2:$S$65,2,FALSE),"-") -> - | K38: =IFERROR(VLOOKUP($B38,$V$2:$W$65,2,FALSE),"-") -> - | L38: =IFERROR(VLOOKUP($B38,$Z$2:$AA$65,2,FALSE),"-") -> - | M38: =IFERROR(VLOOKUP($B38,$AC$2:$AD$65,2,FALSE),"-") -> - | O38: CHCOSA01 | P38: 80 | R38: CHCOSA06 | S38: 3136 | V38: CHCOSA01 | W38: 280 | Z38: CHCCSA50 | AA38: 270 | AC38: CHCCSA53 | AD38: 24
A39: The Select Aisle Dark Blue Gel Food Colour 30ml | B39: CDCLSA03 | C39: 0 | D39: 0 | E39: 0 | F39: 0 | G39: 0 | H39: 0 | I39: =IFERROR(VLOOKUP($B39,$O$2:$P$55,2,FALSE),"-") -> - | J39: =IFERROR(VLOOKUP($B39,$R$2:$S$65,2,FALSE),"-") -> 20 | K39: =IFERROR(VLOOKUP($B39,$V$2:$W$65,2,FALSE),"-") -> - | L39: =IFERROR(VLOOKUP($B39,$Z$2:$AA$65,2,FALSE),"-") -> - | M39: =IFERROR(VLOOKUP($B39,$AC$2:$AD$65,2,FALSE),"-") -> - | O39: CHCOSA06 | P39: 1536 | R39: CHCSSA02 | S39: 420 | V39: CHCOSA06 | W39: 3200 | Z39: CHCCSA52 | AA39: 88 | AC39: CHCCSSA01 | AD39: 3820
A40: The Select Aisle Sky Blue Gel Food Colour 30ml | B40: CDCLSA04 | C40: 168.14738 | D40: 168.14738 | E40: 192.54914 | F40: 135.23161 | G40: 301.72823 | H40: 219.96818 | I40: =IFERROR(VLOOKUP($B40,$O$2:$P$55,2,FALSE),"-") -> 160 | J40: =IFERROR(VLOOKUP($B40,$R$2:$S$65,2,FALSE),"-") -> 120 | K40: =IFERROR(VLOOKUP($B40,$V$2:$W$65,2,FALSE),"-") -> 120 | L40: =IFERROR(VLOOKUP($B40,$Z$2:$AA$65,2,FALSE),"-") -> 160 | M40: =IFERROR(VLOOKUP($B40,$AC$2:$AD$65,2,FALSE),"-") -> 160 | O40: CHCSSA02 | P40: 180 | R40: CHCSSA03 | S40: 480 | V40: CHCSSA02 | W40: 960 | Z40: CHCCSA53 | AA40: 88 | AC40: CHCOSA01 | AD40: 300
A41: The Select Aisle Orange Gel Food Colour 30ml | B41: CDCLSA06 | C41: 0 | D41: 0 | E41: 0 | F41: 0 | G41: 0 | H41: 0 | I41: =IFERROR(VLOOKUP($B41,$O$2:$P$55,2,FALSE),"-") -> 30 | J41: =IFERROR(VLOOKUP($B41,$R$2:$S$65,2,FALSE),"-") -> - | K41: =IFERROR(VLOOKUP($B41,$V$2:$W$65,2,FALSE),"-") -> 30 | L41: =IFERROR(VLOOKUP($B41,$Z$2:$AA$65,2,FALSE),"-") -> 40 | M41: =IFERROR(VLOOKUP($B41,$AC$2:$AD$65,2,FALSE),"-") -> - | O41: CHCSSA03 | P41: 180 | R41: CHCSSA04 | S41: 740 | V41: CHCSSA03 | W41: 720 | Z41: CHCCSSA01 | AA41: 4880 | AC41: CHCOSA06 | AD41: 3264
A42: The Select Aisle Purple Gel Food Colour 30ml | B42: CDCLSA07 | C42: 0 | D42: 0 | E42: 0 | F42: 0 | G42: 0 | H42: 0 | I42: =IFERROR(VLOOKUP($B42,$O$2:$P$55,2,FALSE),"-") -> - | J42: =IFERROR(VLOOKUP($B42,$R$2:$S$65,2,FALSE),"-") -> - | K42: =IFERROR(VLOOKUP($B42,$V$2:$W$65,2,FALSE),"-") -> - | L42: =IFERROR(VLOOKUP($B42,$Z$2:$AA$65,2,FALSE),"-") -> - | M42: =IFERROR(VLOOKUP($B42,$AC$2:$AD$65,2,FALSE),"-") -> - | O42: CHCSSA04 | P42: 20 | R42: CHCSSA05 | S42: 419 | V42: CHCSSA04 | W42: 500 | Z42: CHCOSA01 | AA42: 180 | AC42: CHCSSA02 | AD42: 180
A43: The Select Aisle Pink Gel Food Colour 30ml | B43: CDCLSA08 | C43: 0 | D43: 0 | E43: 0 | F43: 0 | G43: 0 | H43: 0 | I43: =IFERROR(VLOOKUP($B43,$O$2:$P$55,2,FALSE),"-") -> - | J43: =IFERROR(VLOOKUP($B43,$R$2:$S$65,2,FALSE),"-") -> - | K43: =IFERROR(VLOOKUP($B43,$V$2:$W$65,2,FALSE),"-") -> - | L43: =IFERROR(VLOOKUP($B43,$Z$2:$AA$65,2,FALSE),"-") -> - | M43: =IFERROR(VLOOKUP($B43,$AC$2:$AD$65,2,FALSE),"-") -> - | O43: CHCSSA05 | P43: 20 | R43: COBCSA01 | S43: 432 | V43: CHCSSA05 | W43: 360 | Z43: CHCOSA02 | AA43: 60 | AC43: CHCSSA03 | AD43: 180
A44: Cake Décor | O44: COBCSA01 | P44: 1656 | R44: COBCSA02 | S44: 2664 | V44: COBCSA01 | W44: 432 | Z44: CHCOSA06 | AA44: 2112 | AC44: CHCSSA04 | AD44: 20
A45: The Select Aisle Rainbow Sprinkles - 85g | B45: CDSPSA23 | C45: 305.71795 | D45: 305.71795 | E45: 388.40836 | F45: 599.95936 | G45: 711.81753 | H45: 549.07935 | I45: =IFERROR(VLOOKUP($B45,$O$2:$P$55,2,FALSE),"-") -> 336 | J45: =IFERROR(VLOOKUP($B45,$R$2:$S$65,2,FALSE),"-") -> 576 | K45: =IFERROR(VLOOKUP($B45,$V$2:$W$65,2,FALSE),"-") -> 576 | L45: =IFERROR(VLOOKUP($B45,$Z$2:$AA$65,2,FALSE),"-") -> 432 | M45: =IFERROR(VLOOKUP($B45,$AC$2:$AD$65,2,FALSE),"-") -> 624 | O45: COBCSA02 | P45: 1080 | R45: CPVSA01 | S45: 216 | V45: COBCSA02 | W45: 216 | Z45: CHCOSA07 | AA45: 88 | AC45: CHCSSA05 | AD45: 40
A46: The Select Aisle Sprinkles Combo Pack - Carnival - 100g | B46: CDSPSA40 | C46: 284.0825 | D46: 284.0825 | E46: 248.28139 | F46: 227.71425 | G46: 443.90041 | H46: 362.479 | I46: =IFERROR(VLOOKUP($B46,$O$2:$P$55,2,FALSE),"-") -> 192 | J46: =IFERROR(VLOOKUP($B46,$R$2:$S$65,2,FALSE),"-") -> 288 | K46: =IFERROR(VLOOKUP($B46,$V$2:$W$65,2,FALSE),"-") -> 384 | L46: =IFERROR(VLOOKUP($B46,$Z$2:$AA$65,2,FALSE),"-") -> 336 | M46: =IFERROR(VLOOKUP($B46,$AC$2:$AD$65,2,FALSE),"-") -> 672 | O46: CPVSA02 | P46: 180 | R46: CPVSA02 | S46: 72 | V46: CPVSA01 | W46: 360 | Z46: CHCSSA02 | AA46: 720 | AC46: COBCSA01 | AD46: 288
A47: The Select Aisle Christmas Sprinkles Combo Pack - 100g | B47: CDSPSA54 | C47: 0 | D47: 0 | E47: 0 | F47: 0 | G47: 0 | H47: 0 | I47: =IFERROR(VLOOKUP($B47,$O$2:$P$55,2,FALSE),"-") -> 240 | J47: =IFERROR(VLOOKUP($B47,$R$2:$S$65,2,FALSE),"-") -> 240 | K47: =IFERROR(VLOOKUP($B47,$V$2:$W$65,2,FALSE),"-") -> 288 | L47: =IFERROR(VLOOKUP($B47,$Z$2:$AA$65,2,FALSE),"-") -> 96 | M47: =IFERROR(VLOOKUP($B47,$AC$2:$AD$65,2,FALSE),"-") -> 240 | O47: ITCBSA01 | P47: 96 | R47: ITCBSA01 | S47: 48 | V47: CPVSA02 | W47: 252 | Z47: CHCSSA03 | AA47: 540 | AC47: COBCSA02 | AD47: 648
A48: The Select Aisle Colourful Sugar Balls - 100g | B48: CDSPSA24 | C48: 253.21934 | D48: 253.21934 | E48: 285.7339 | F48: 294.03537 | G48: 359.16645 | H48: 314.5 | I48: =IFERROR(VLOOKUP($B48,$O$2:$P$55,2,FALSE),"-") -> 384 | J48: =IFERROR(VLOOKUP($B48,$R$2:$S$65,2,FALSE),"-") -> 336 | K48: =IFERROR(VLOOKUP($B48,$V$2:$W$65,2,FALSE),"-") -> 192 | L48: =IFERROR(VLOOKUP($B48,$Z$2:$AA$65,2,FALSE),"-") -> 144 | M48: =IFERROR(VLOOKUP($B48,$AC$2:$AD$65,2,FALSE),"-") -> 240 | O48: PMCPSA01 | P48: 144 | R48: SAFLVM01 | S48: 180 | V48: ITCBSA01 | W48: 96 | Z48: CHCSSA04 | AA48: 184 | AC48: SAHAS02 | AD48: 24
A49: The Select Aisle Sprinkles Combo Pack - Love - 100g | B49: CDSPSA44 | C49: 111.37281 | D49: 111.37281 | E49: 80.609672 | F49: 76.148542 | G49: 61.710037 | H49: 132.45455 | I49: =IFERROR(VLOOKUP($B49,$O$2:$P$55,2,FALSE),"-") -> 48 | J49: =IFERROR(VLOOKUP($B49,$R$2:$S$65,2,FALSE),"-") -> 192 | K49: =IFERROR(VLOOKUP($B49,$V$2:$W$65,2,FALSE),"-") -> 336 | L49: =IFERROR(VLOOKUP($B49,$Z$2:$AA$65,2,FALSE),"-") -> 240 | M49: =IFERROR(VLOOKUP($B49,$AC$2:$AD$65,2,FALSE),"-") -> 144 | O49: PMPPSA01 | P49: 144 | R49: SAHC02 | S49: 160 | V49: SAHC02 | W49: 544 | Z49: CHCSSA05 | AA49: 424 | AC49: SAHC02 | AD49: 128
A50: TSA Tutti Frutti 100g | B50: CDTFSA01 | C50: 669.03751 | D50: 669.03751 | E50: 785.64178 | F50: 903.88746 | G50: 1169.0723 | H50: 1424.0319 | I50: =IFERROR(VLOOKUP($B50,$O$2:$P$55,2,FALSE),"-") -> 1212 | J50: =IFERROR(VLOOKUP($B50,$R$2:$S$65,2,FALSE),"-") -> 1008 | K50: =IFERROR(VLOOKUP($B50,$V$2:$W$65,2,FALSE),"-") -> 1368 | L50: =IFERROR(VLOOKUP($B50,$Z$2:$AA$65,2,FALSE),"-") -> 648 | M50: =IFERROR(VLOOKUP($B50,$AC$2:$AD$65,2,FALSE),"-") -> 792 | O50: SAHC01 | P50: 64 | R50: SAMM01 | S50: 3060 | V50: SAMM01 | W50: 3780 | Z50: COBCSA01 | AA50: 360 | AC50: SAMM01 | AD50: 3420
A51: Cake Mixes | O51: SAHC02 | P51: 128 | R51: SARKS01 | S51: 200 | Z51: COBCSA02 | AA51: 648 | AC51: Grand Total | AD51: 69094
A52: The Select Aisle Eggless Chocolate Cake Mix - 365g | B52: BICPSA02 | C52: 237.54231 | D52: 237.54231 | E52: 304.25022 | F52: 135.92564 | G52: 159.06185 | H52: 231.11927 | I52: =IFERROR(VLOOKUP($B52,$O$2:$P$55,2,FALSE),"-") -> 130 | J52: =IFERROR(VLOOKUP($B52,$R$2:$S$65,2,FALSE),"-") -> 364 | K52: =IFERROR(VLOOKUP($B52,$V$2:$W$65,2,FALSE),"-") -> 650 | L52: =IFERROR(VLOOKUP($B52,$Z$2:$AA$65,2,FALSE),"-") -> 936 | M52: =IFERROR(VLOOKUP($B52,$AC$2:$AD$65,2,FALSE),"-") -> 520 | O52: SAMM01 | P52: 1260 | Z52: CPVSA01 | AA52: 432
A53: The Select Aisle Eggless Vanilla Cake Mix - 365g | B53: BICPSA01 | C53: 146.65362 | D53: 146.65362 | E53: 365.03744 | F53: 362.35145 | G53: 294.93155 | H53: 349.22715 | I53: =IFERROR(VLOOKUP($B53,$O$2:$P$55,2,FALSE),"-") -> 260 | J53: =IFERROR(VLOOKUP($B53,$R$2:$S$65,2,FALSE),"-") -> 312 | K53: =IFERROR(VLOOKUP($B53,$V$2:$W$65,2,FALSE),"-") -> 416 | L53: =IFERROR(VLOOKUP($B53,$Z$2:$AA$65,2,FALSE),"-") -> 494 | M53: =IFERROR(VLOOKUP($B53,$AC$2:$AD$65,2,FALSE),"-") -> 390 | O53: SARKS01 | P53: 100 | Z53: ITCBSA01 | AA53: 144
A54: The Select Aisle Eggless Chocolate Cupcake Kit 190g | B54: BICCPSA01 | C54: 56.322321 | D54: 56.322321 | E54: 101.96365 | F54: 123.26664 | G54: 84.383797 | H54: 62.934949 | I54: =IFERROR(VLOOKUP($B54,$O$2:$P$55,2,FALSE),"-") -> 84 | J54: =IFERROR(VLOOKUP($B54,$R$2:$S$65,2,FALSE),"-") -> 84 | K54: =IFERROR(VLOOKUP($B54,$V$2:$W$65,2,FALSE),"-") -> 140 | L54: =IFERROR(VLOOKUP($B54,$Z$2:$AA$65,2,FALSE),"-") -> 98 | M54: =IFERROR(VLOOKUP($B54,$AC$2:$AD$65,2,FALSE),"-") -> - | O54: SCPSSA03 | P54: 96 | Z54: SAHAS01 | AA54: 64
A55: The Select Aisle Triple Brownie Mix | B55: BIBMSA01 | C55: 148.16617 | D55: 148.16617 | E55: 88.221059 | F55: 67.887548 | G55: 129.05771 | H55: 136.94131 | I55: =IFERROR(VLOOKUP($B55,$O$2:$P$55,2,FALSE),"-") -> 80 | J55: =IFERROR(VLOOKUP($B55,$R$2:$S$65,2,FALSE),"-") -> 52 | K55: =IFERROR(VLOOKUP($B55,$V$2:$W$65,2,FALSE),"-") -> 78 | L55: =IFERROR(VLOOKUP($B55,$Z$2:$AA$65,2,FALSE),"-") -> - | M55: =IFERROR(VLOOKUP($B55,$AC$2:$AD$65,2,FALSE),"-") -> 26 | O55: Grand Total | P55: 46332 | Z55: SAHAS02 | AA55: 69
A56: TSA Double Chocolate Mug Cake Mix | B56: BIMCSA01 | C56: 545.38304 | D56: 545.38304 | E56: 510.57532 | F56: 461.81698 | G56: 734.37939 | H56: 694.55722 | I56: =IFERROR(VLOOKUP($B56,$O$2:$P$55,2,FALSE),"-") -> 270 | J56: =IFERROR(VLOOKUP($B56,$R$2:$S$65,2,FALSE),"-") -> 360 | K56: =IFERROR(VLOOKUP($B56,$V$2:$W$65,2,FALSE),"-") -> 149 | L56: =IFERROR(VLOOKUP($B56,$Z$2:$AA$65,2,FALSE),"-") -> 237 | M56: =IFERROR(VLOOKUP($B56,$AC$2:$AD$65,2,FALSE),"-") -> 344 | Z56: SAHC02 | AA56: 704
A57: Marshmallow | Z57: SAMM01 | AA57: 3240
A58: The Select Aisle Marshmallow 20g | B58: SAMM01 | C58: 1991.5905 | D58: 1991.5905 | E58: 2271.04 | F58: 2331.942 | G58: 3705.4864 | H58: 3416.81 | I58: =IFERROR(VLOOKUP($B58,$O$2:$P$55,2,FALSE),"-") -> 1260 | J58: =IFERROR(VLOOKUP($B58,$R$2:$S$65,2,FALSE),"-") -> 3060 | K58: =IFERROR(VLOOKUP($B58,$V$2:$W$65,2,FALSE),"-") -> 3780 | L58: =IFERROR(VLOOKUP($B58,$Z$2:$AA$65,2,FALSE),"-") -> 3240 | M58: =IFERROR(VLOOKUP($B58,$AC$2:$AD$65,2,FALSE),"-") -> 3420 | Z58: SARKS01 | AA58: 40
A59: The Select Aisle Fluffles 70g | B59: SAFLVM01 | C59: - | D59: - | E59: - | F59: - | G59: - | H59: - | I59: =IFERROR(VLOOKUP($B59,$O$2:$P$55,2,FALSE),"-") -> - | J59: =IFERROR(VLOOKUP($B59,$R$2:$S$65,2,FALSE),"-") -> 180 | K59: =IFERROR(VLOOKUP($B59,$V$2:$W$65,2,FALSE),"-") -> - | L59: =IFERROR(VLOOKUP($B59,$Z$2:$AA$65,2,FALSE),"-") -> - | M59: =IFERROR(VLOOKUP($B59,$AC$2:$AD$65,2,FALSE),"-") -> - | Z59: Grand Total | AA59: 74440
A60: Seasonings
A61: TSA Paneer Poppers Mix 70g | B61: PMPPSA01 | C61: 0 | D61: 0 | E61: 0 | F61: 0 | G61: 0 | H61: 0 | I61: =IFERROR(VLOOKUP($B61,$O$2:$P$55,2,FALSE),"-") -> 144 | J61: =IFERROR(VLOOKUP($B61,$R$2:$S$65,2,FALSE),"-") -> - | K61: =IFERROR(VLOOKUP($B61,$V$2:$W$65,2,FALSE),"-") -> - | L61: =IFERROR(VLOOKUP($B61,$Z$2:$AA$65,2,FALSE),"-") -> - | M61: =IFERROR(VLOOKUP($B61,$AC$2:$AD$65,2,FALSE),"-") -> -
A62: TSA Chicken Poppers Mix 70g | B62: PMCPSA01 | C62: 0 | D62: 0 | E62: 0 | F62: 0 | G62: 0 | H62: 0 | I62: =IFERROR(VLOOKUP($B62,$O$2:$P$55,2,FALSE),"-") -> 144 | J62: =IFERROR(VLOOKUP($B62,$R$2:$S$65,2,FALSE),"-") -> - | K62: =IFERROR(VLOOKUP($B62,$V$2:$W$65,2,FALSE),"-") -> - | L62: =IFERROR(VLOOKUP($B62,$Z$2:$AA$65,2,FALSE),"-") -> - | M62: =IFERROR(VLOOKUP($B62,$AC$2:$AD$65,2,FALSE),"-") -> -
A63: TSA Panko Bread Crumbs (Granular) 50g | B63: COBCSA02 | C63: 630.48405 | D63: 630.48405 | E63: 36.609337 | F63: 648.23016 | G63: 423.08594 | H63: 423.08594 | I63: =IFERROR(VLOOKUP($B63,$O$2:$P$55,2,FALSE),"-") -> 1080 | J63: =IFERROR(VLOOKUP($B63,$R$2:$S$65,2,FALSE),"-") -> 2664 | K63: =IFERROR(VLOOKUP($B63,$V$2:$W$65,2,FALSE),"-") -> 216 | L63: =IFERROR(VLOOKUP($B63,$Z$2:$AA$65,2,FALSE),"-") -> 648 | M63: =IFERROR(VLOOKUP($B63,$AC$2:$AD$65,2,FALSE),"-") -> 648
A64: Mixes
A65: Custard | B65: CPVSA02 | C65: 537.1527 | D65: 537.1527 | E65: 0 | F65: 0 | G65: 0 | H65: - | I65: =IFERROR(VLOOKUP($B65,$O$2:$P$55,2,FALSE),"-") -> 180 | J65: =IFERROR(VLOOKUP($B65,$R$2:$S$65,2,FALSE),"-") -> 72 | K65: =IFERROR(VLOOKUP($B65,$V$2:$W$65,2,FALSE),"-") -> 252 | L65: =IFERROR(VLOOKUP($B65,$Z$2:$AA$65,2,FALSE),"-") -> - | M65: =IFERROR(VLOOKUP($B65,$AC$2:$AD$65,2,FALSE),"-") -> -
A66: RTC
A67: Kunafa Shreds | B67: SARKS01 | C67: 0 | D67: 29.815538 | E67: 42 | F67: 0 | G67: 0 | H67: - | I67: =IFERROR(VLOOKUP($B67,$O$2:$P$55,2,FALSE),"-") -> 100 | J67: =IFERROR(VLOOKUP($B67,$R$2:$S$65,2,FALSE),"-") -> 200 | K67: =IFERROR(VLOOKUP($B67,$V$2:$W$65,2,FALSE),"-") -> - | L67: =IFERROR(VLOOKUP($B67,$Z$2:$AA$65,2,FALSE),"-") -> 40 | M67: =IFERROR(VLOOKUP($B67,$AC$2:$AD$65,2,FALSE),"-") -> -
A68: Seller Cenral SKUs
A69: Halim Seeds 250g | B69: SAHAS01 | C69: - | D69: - | E69: - | F69: - | G69: - | H69: - | I69: =IFERROR(VLOOKUP($B69,$O$2:$P$55,2,FALSE),"-") -> - | J69: =IFERROR(VLOOKUP($B69,$R$2:$S$65,2,FALSE),"-") -> - | K69: =IFERROR(VLOOKUP($B69,$V$2:$W$65,2,FALSE),"-") -> - | L69: =IFERROR(VLOOKUP($B69,$Z$2:$AA$65,2,FALSE),"-") -> 64 | M69: =IFERROR(VLOOKUP($B69,$AC$2:$AD$65,2,FALSE),"-") -> -
A70: Halim Seeds 500g | B70: SAHAS02 | C70: - | D70: - | E70: - | F70: - | G70: - | H70: - | I70: =IFERROR(VLOOKUP($B70,$O$2:$P$55,2,FALSE),"-") -> - | J70: =IFERROR(VLOOKUP($B70,$R$2:$S$65,2,FALSE),"-") -> - | K70: =IFERROR(VLOOKUP($B70,$V$2:$W$65,2,FALSE),"-") -> - | L70: =IFERROR(VLOOKUP($B70,$Z$2:$AA$65,2,FALSE),"-") -> 69 | M70: =IFERROR(VLOOKUP($B70,$AC$2:$AD$65,2,FALSE),"-") -> 24
A71: Dark Choco Chips 1kg | B71: CHCCSA52 | C71: - | D71: - | E71: - | F71: - | G71: - | H71: - | I71: =IFERROR(VLOOKUP($B71,$O$2:$P$55,2,FALSE),"-") -> - | J71: =IFERROR(VLOOKUP($B71,$R$2:$S$65,2,FALSE),"-") -> - | K71: =IFERROR(VLOOKUP($B71,$V$2:$W$65,2,FALSE),"-") -> - | L71: =IFERROR(VLOOKUP($B71,$Z$2:$AA$65,2,FALSE),"-") -> 88 | M71: =IFERROR(VLOOKUP($B71,$AC$2:$AD$65,2,FALSE),"-") -> 24
A72: White Choco Chips 1kg | B72: CHCCSA53 | C72: - | D72: - | E72: - | F72: - | G72: - | H72: - | I72: =IFERROR(VLOOKUP($B72,$O$2:$P$55,2,FALSE),"-") -> - | J72: =IFERROR(VLOOKUP($B72,$R$2:$S$65,2,FALSE),"-") -> - | K72: =IFERROR(VLOOKUP($B72,$V$2:$W$65,2,FALSE),"-") -> - | L72: =IFERROR(VLOOKUP($B72,$Z$2:$AA$65,2,FALSE),"-") -> 88 | M72: =IFERROR(VLOOKUP($B72,$AC$2:$AD$65,2,FALSE),"-") -> 24
A73: Monk Fruit 170g | B73: BISWSA06 | C73: - | D73: - | E73: - | F73: - | G73: - | H73: - | I73: =IFERROR(VLOOKUP($B73,$O$2:$P$55,2,FALSE),"-") -> - | J73: =IFERROR(VLOOKUP($B73,$R$2:$S$65,2,FALSE),"-") -> - | K73: =IFERROR(VLOOKUP($B73,$V$2:$W$65,2,FALSE),"-") -> - | L73: =IFERROR(VLOOKUP($B73,$Z$2:$AA$65,2,FALSE),"-") -> 168 | M73: =IFERROR(VLOOKUP($B73,$AC$2:$AD$65,2,FALSE),"-") -> 24
A74: Cocoa Powder 500g | B74: CHCOSA07 | C74: - | D74: - | E74: - | F74: - | G74: - | H74: - | I74: =IFERROR(VLOOKUP($B74,$O$2:$P$55,2,FALSE),"-") -> - | J74: =IFERROR(VLOOKUP($B74,$R$2:$S$65,2,FALSE),"-") -> - | K74: =IFERROR(VLOOKUP($B74,$V$2:$W$65,2,FALSE),"-") -> - | L74: =IFERROR(VLOOKUP($B74,$Z$2:$AA$65,2,FALSE),"-") -> 88 | M74: =IFERROR(VLOOKUP($B74,$AC$2:$AD$65,2,FALSE),"-") -> -
A75: Nutritional Yeast Flakes 45g | B75: SANYF01 | C75: - | D75: - | E75: - | F75: - | G75: - | H75: - | I75: =IFERROR(VLOOKUP($B75,$O$2:$P$55,2,FALSE),"-") -> - | J75: =IFERROR(VLOOKUP($B75,$R$2:$S$65,2,FALSE),"-") -> - | K75: =IFERROR(VLOOKUP($B75,$V$2:$W$65,2,FALSE),"-") -> - | L75: =IFERROR(VLOOKUP($B75,$Z$2:$AA$65,2,FALSE),"-") -> - | M75: =IFERROR(VLOOKUP($B75,$AC$2:$AD$65,2,FALSE),"-") -> -

Sheet Chennai DP
C1: Demand Plan | I1: Primary Sales
B2: SKU Code | C2: 46113 | D2: 46143 | E2: 46174 | F2: 46204 | G2: 46235 | H2: 46266 | I2: 46113 | J2: 46143 | K2: 46174 | L2: 46204 | M2: 46235
A3: Product | C3: TOTAL (in pcs) | D3: TOTAL (in pcs) | E3: TOTAL (in pcs) | F3: TOTAL (in pcs) | G3: TOTAL (in pcs) | H3: TOTAL (in pcs) | I3: TOTAL (in pcs) | J3: TOTAL (in pcs) | K3: TOTAL (in pcs) | L3: TOTAL (in pcs) | M3: TOTAL (in pcs) | Q3: Row Labels | R3: 46113 | T3: Row Labels | U3: 46143 | W3: Row Labels | X3: 46174 | Z3: Row Labels | AA3: 46204 | AC3: Row Labels | AD3: 46235
A4: Compound Chocolate & Cocoa | Q4: 30SAMC47 | R4: 50 | T4: ACSAPM01 | U4: 20 | W4: ACSAPM01 | X4: 40 | Z4: BIBMSA01 | AA4: 1560 | AC4: BIBMSA01 | AD4: 650
A5: The Select Aisle Dark Compound Chocolate Chips - 150g | B5: CHCCSA35 | C5: 9616.9545 | D5: 9616.9545 | E5: 1835.6735 | F5: 2478.431 | G5: 3777.6242 | H5: 3176.9858 | I5: =IFERROR(VLOOKUP($B5,$Q$2:$R$81,2,FALSE),"-") -> 22509 | J5: =IFERROR(VLOOKUP($B5,$T$2:$U$81,2,FALSE),"-") -> 18720 | K5: =IFERROR(VLOOKUP($B5,$W$2:$X$81,2,FALSE),"-") -> 7503 | L5: =IFERROR(VLOOKUP($B5,$Z$2:$AA$81,2,FALSE),"-") -> 7248 | M5: =IFERROR(VLOOKUP($B5,$AC$2:$AD$81,2,FALSE),"-") -> 4392 | Q5: BIBMSA01 | R5: 804 | T5: BIBMSA01 | U5: 1612 | W5: BIBMSA01 | X5: 1120 | Z5: BICCPSA01 | AA5: 1849 | AC5: BICCPSA01 | AD5: 42
A6: TSA Dark Compound Chocolate Chips 50g | B6: CHCCSA48 | C6: 11794.736 | D6: 11794.736 | E6: 1611.481 | F6: 2931.1671 | G6: 3357.6629 | H6: 3285.6037 | I6: =IFERROR(VLOOKUP($B6,$Q$2:$R$81,2,FALSE),"-") -> 38070 | J6: =IFERROR(VLOOKUP($B6,$T$2:$U$81,2,FALSE),"-") -> 27900 | K6: =IFERROR(VLOOKUP($B6,$W$2:$X$81,2,FALSE),"-") -> 8460 | L6: =IFERROR(VLOOKUP($B6,$Z$2:$AA$81,2,FALSE),"-") -> 5376 | M6: =IFERROR(VLOOKUP($B6,$AC$2:$AD$81,2,FALSE),"-") -> 10500 | Q6: BICCPSA01 | R6: 516 | T6: BICCPSA01 | U6: 1589 | W6: BICCPSA01 | X6: 1854 | Z6: BICPSA01 | AA6: 5999 | AC6: BICPSA01 | AD6: 3728
A7: The Select Aisle's Dark Chocolate Chips - 250g | B7: CHCCSA47 | C7: - | D7: - | E7: - | F7: - | G7: - | H7: - | I7: =IFERROR(VLOOKUP($B7,$Q$2:$R$81,2,FALSE),"-") -> - | J7: =IFERROR(VLOOKUP($B7,$T$2:$U$81,2,FALSE),"-") -> - | K7: =IFERROR(VLOOKUP($B7,$W$2:$X$81,2,FALSE),"-") -> - | L7: =IFERROR(VLOOKUP($B7,$Z$2:$AA$81,2,FALSE),"-") -> - | M7: =IFERROR(VLOOKUP($B7,$AC$2:$AD$81,2,FALSE),"-") -> - | Q7: BICPSA01 | R7: 1937 | T7: BICPSA01 | U7: 5386 | W7: BICPSA01 | X7: 9207 | Z7: BICPSA02 | AA7: 8737 | AC7: BICPSA02 | AD7: 5884
A8: The Select Aisle Milk Compound Chocolate Chips - 150g | B8: CHCCSA33 | C8: 8249.0372 | D8: 8249.0372 | E8: 1958.9953 | F8: 2279.3324 | G8: 3134.1589 | H8: 2624.2969 | I8: =IFERROR(VLOOKUP($B8,$Q$2:$R$81,2,FALSE),"-") -> 12936 | J8: =IFERROR(VLOOKUP($B8,$T$2:$U$81,2,FALSE),"-") -> 14472 | K8: =IFERROR(VLOOKUP($B8,$W$2:$X$81,2,FALSE),"-") -> 6434 | L8: =IFERROR(VLOOKUP($B8,$Z$2:$AA$81,2,FALSE),"-") -> 5304 | M8: =IFERROR(VLOOKUP($B8,$AC$2:$AD$81,2,FALSE),"-") -> 4032 | Q8: BICPSA02 | R8: 2554 | T8: BICPSA02 | U8: 8294 | W8: BICPSA02 | X8: 11966 | Z8: BIEFSA01 | AA8: 3409 | AC8: BIEFSA01 | AD8: 1738
A9: TSA Milk Compound Chocolate Chips 50g | B9: CHCCSA49 | C9: 17103.009 | D9: 17103.009 | E9: 399.59549 | F9: 1559.7768 | G9: 1492.751 | H9: 1696.9434 | I9: =IFERROR(VLOOKUP($B9,$Q$2:$R$81,2,FALSE),"-") -> 27990 | J9: =IFERROR(VLOOKUP($B9,$T$2:$U$81,2,FALSE),"-") -> 21780 | K9: =IFERROR(VLOOKUP($B9,$W$2:$X$81,2,FALSE),"-") -> 5760 | L9: =IFERROR(VLOOKUP($B9,$Z$2:$AA$81,2,FALSE),"-") -> 3193 | M9: =IFERROR(VLOOKUP($B9,$AC$2:$AD$81,2,FALSE),"-") -> 2256 | Q9: BIEFSA01 | R9: 3315 | T9: BIEFSA01 | U9: 14112 | W9: BIEFSA01 | X9: 5091 | Z9: BIEFSA15 | AA9: 118752 | AC9: BIEFSA15 | AD9: 22464
A10: The Select Aisle White Compound Chocolate Chips | B10: CHCCSA34 | C10: 2049.6049 | D10: 2049.6049 | E10: 572.3243 | F10: 458.61943 | G10: 769.33672 | H10: 924.83405 | I10: =IFERROR(VLOOKUP($B10,$Q$2:$R$81,2,FALSE),"-") -> 3408 | J10: =IFERROR(VLOOKUP($B10,$T$2:$U$81,2,FALSE),"-") -> 3360 | K10: =IFERROR(VLOOKUP($B10,$W$2:$X$81,2,FALSE),"-") -> 2482 | L10: =IFERROR(VLOOKUP($B10,$Z$2:$AA$81,2,FALSE),"-") -> 2016 | M10: =IFERROR(VLOOKUP($B10,$AC$2:$AD$81,2,FALSE),"-") -> 1632 | Q10: BIEFSA15 | R10: 54624 | T10: BIEFSA15 | U10: 92874 | W10: BIEFSA15 | X10: 129640 | Z10: BIEFSA16 | AA10: 21094 | AC10: BIEFSA16 | AD10: 19808
A11: The Select Aisle Twin Chocolate Chips 50g | B11: CHCCSA50 | C11: 414.15458 | D11: 414.15458 | E11: 238.53628 | F11: 317.63563 | G11: 200.41365 | H11: 297.38692 | I11: =IFERROR(VLOOKUP($B11,$Q$2:$R$81,2,FALSE),"-") -> 6597 | J11: =IFERROR(VLOOKUP($B11,$T$2:$U$81,2,FALSE),"-") -> 11790 | K11: =IFERROR(VLOOKUP($B11,$W$2:$X$81,2,FALSE),"-") -> 11052 | L11: =IFERROR(VLOOKUP($B11,$Z$2:$AA$81,2,FALSE),"-") -> 12600 | M11: =IFERROR(VLOOKUP($B11,$AC$2:$AD$81,2,FALSE),"-") -> 5940 | Q11: BIEFSA16 | R11: 6531 | T11: BIEFSA16 | U11: 9462 | W11: BIEFSA16 | X11: 14944 | Z11: BIFISA03 | AA11: 16472 | AC11: BIFISA03 | AD11: 17332
A12: The Select Aisle Dark Compound Chocolate Slab 500g | B12: CHCCSSA01 | C12: 15179.702 | D12: 15179.702 | E12: 2998.9972 | F12: 3425.2604 | G12: 4001.484 | H12: 3069.1697 | I12: =IFERROR(VLOOKUP($B12,$Q$2:$R$81,2,FALSE),"-") -> 9936 | J12: =IFERROR(VLOOKUP($B12,$T$2:$U$81,2,FALSE),"-") -> 13820 | K12: =IFERROR(VLOOKUP($B12,$W$2:$X$81,2,FALSE),"-") -> 5366 | L12: =IFERROR(VLOOKUP($B12,$Z$2:$AA$81,2,FALSE),"-") -> 6960 | M12: =IFERROR(VLOOKUP($B12,$AC$2:$AD$81,2,FALSE),"-") -> 5620 | Q12: BIFISA03 | R12: 5824 | T12: BIFISA03 | U12: 9376 | W12: BIFISA03 | X12: 5330 | Z12: BIFISA07 | AA12: 186262 | AC12: BIFISA07 | AD12: 236618
A13: The Select Aisle Milk Compound Chocolate Bar 500 g | B13: CHCSSA04 | C13: - | D13: - | E13: 162.5 | F13: 85.903084 | G13: 174.96528 | H13: 214.35067 | I13: =IFERROR(VLOOKUP($B13,$Q$2:$R$81,2,FALSE),"-") -> 1116 | J13: =IFERROR(VLOOKUP($B13,$T$2:$U$81,2,FALSE),"-") -> 3220 | K13: =IFERROR(VLOOKUP($B13,$W$2:$X$81,2,FALSE),"-") -> 1144 | L13: =IFERROR(VLOOKUP($B13,$Z$2:$AA$81,2,FALSE),"-") -> 240 | M13: =IFERROR(VLOOKUP($B13,$AC$2:$AD$81,2,FALSE),"-") -> 320 | Q13: BIFISA07 | R13: 55959 | T13: BIFISA07 | U13: 123696 | W13: BIFISA07 | X13: 190300 | Z13: BIFISA09 | AA13: 5400 | AC13: BIFISA09 | AD13: 6164
A14: The Select Aisle White Compound Chocolate Bar 500 g | B14: CHCSSA05 | C14: - | D14: - | E14: 140 | F14: 97.172237 | G14: 140.80497 | H14: 194.94331 | I14: =IFERROR(VLOOKUP($B14,$Q$2:$R$81,2,FALSE),"-") -> 916 | J14: =IFERROR(VLOOKUP($B14,$T$2:$U$81,2,FALSE),"-") -> 2371 | K14: =IFERROR(VLOOKUP($B14,$W$2:$X$81,2,FALSE),"-") -> 977 | L14: =IFERROR(VLOOKUP($B14,$Z$2:$AA$81,2,FALSE),"-") -> 300 | M14: =IFERROR(VLOOKUP($B14,$AC$2:$AD$81,2,FALSE),"-") -> 60 | Q14: BIFISA09 | R14: 14283 | T14: BIFISA09 | U14: 22597 | W14: BIFISA09 | X14: 20808 | Z14: BIFISA10 | AA14: 103693 | AC14: BIFISA10 | AD14: 104634
A15: The Select Aisle Dark Compound Chocolate Slab 150g | B15: CHCSSA02 | C15: 2923.3526 | D15: 2923.3526 | E15: 663.34765 | F15: 616.04292 | G15: 555.29969 | H15: 422.44313 | I15: =IFERROR(VLOOKUP($B15,$Q$2:$R$81,2,FALSE),"-") -> 750 | J15: =IFERROR(VLOOKUP($B15,$T$2:$U$81,2,FALSE),"-") -> 2880 | K15: =IFERROR(VLOOKUP($B15,$W$2:$X$81,2,FALSE),"-") -> 3660 | L15: =IFERROR(VLOOKUP($B15,$Z$2:$AA$81,2,FALSE),"-") -> 1920 | M15: =IFERROR(VLOOKUP($B15,$AC$2:$AD$81,2,FALSE),"-") -> 420 | Q15: BIFISA10 | R15: 23189 | T15: BIFISA10 | U15: 51176 | W15: BIFISA10 | X15: 85650 | Z15: BIFISA11 | AA15: 8005 | AC15: BIFISA11 | AD15: 2508
A16: The Select Aisle Milk Compound Chocolate Slab 150g | B16: CHCSSA03 | C16: 2136.8518 | D16: 2136.8518 | E16: 563.57861 | F16: 422.31179 | G16: 368.4304 | H16: 306.62703 | I16: =IFERROR(VLOOKUP($B16,$Q$2:$R$81,2,FALSE),"-") -> 1170 | J16: =IFERROR(VLOOKUP($B16,$T$2:$U$81,2,FALSE),"-") -> 2580 | K16: =IFERROR(VLOOKUP($B16,$W$2:$X$81,2,FALSE),"-") -> 2400 | L16: =IFERROR(VLOOKUP($B16,$Z$2:$AA$81,2,FALSE),"-") -> 960 | M16: =IFERROR(VLOOKUP($B16,$AC$2:$AD$81,2,FALSE),"-") -> 480 | Q16: BIFISA11 | R16: 5688 | T16: BIFISA11 | U16: 8695 | W16: BIFISA11 | X16: 17226 | Z16: BIFISA12 | AC16: BIFISA12 | AD16: 1280
A17: The Select Aisle Cocoa Powder 70g | B17: CHCOSA06 | C17: 6682.0499 | D17: 6682.0499 | E17: 1602.078 | F17: 1951.8906 | G17: 3141.9704 | H17: 1998.1354 | I17: =IFERROR(VLOOKUP($B17,$Q$2:$R$81,2,FALSE),"-") -> 9028 | J17: =IFERROR(VLOOKUP($B17,$T$2:$U$81,2,FALSE),"-") -> 20864 | K17: =IFERROR(VLOOKUP($B17,$W$2:$X$81,2,FALSE),"-") -> 34184 | L17: =IFERROR(VLOOKUP($B17,$Z$2:$AA$81,2,FALSE),"-") -> 32640 | M17: =IFERROR(VLOOKUP($B17,$AC$2:$AD$81,2,FALSE),"-") -> 15782 | Q17: BIMCSA01 | R17: 1713 | T17: BIMCSA01 | U17: 3352 | W17: BIMCSA01 | X17: 4004 | Z17: BIMCSA01 | AA17: 3304 | AC17: BIMCSA01 | AD17: 2956
A18: The Select Aisle Dutch Processed Cocoa Powder 250g | B18: CHCOSA01 | C18: 227.76096 | D18: 227.76096 | E18: 82.123098 | F18: 110.95306 | G18: 142.99515 | H18: 107.19066 | I18: =IFERROR(VLOOKUP($B18,$Q$2:$R$81,2,FALSE),"-") -> 640 | J18: =IFERROR(VLOOKUP($B18,$T$2:$U$81,2,FALSE),"-") -> 960 | K18: =IFERROR(VLOOKUP($B18,$W$2:$X$81,2,FALSE),"-") -> 1440 | L18: =IFERROR(VLOOKUP($B18,$Z$2:$AA$81,2,FALSE),"-") -> 1700 | M18: =IFERROR(VLOOKUP($B18,$AC$2:$AD$81,2,FALSE),"-") -> 900 | Q18: BISWSA05 | R18: 3758 | T18: BISWSA05 | U18: 4142 | W18: BISWSA05 | X18: 5144 | Z18: BISWSA05 | AA18: 4620 | AC18: BISWSA05 | AD18: 7722
A19: The Select Aisle Drinking Chocolate 200g | B19: SAHC02 | C19: 1942.5508 | D19: 1942.5508 | E19: 355.05574 | F19: 368.325 | G19: 420.93558 | H19: 495.60306 | I19: =IFERROR(VLOOKUP($B19,$Q$2:$R$81,2,FALSE),"-") -> 4277 | J19: =IFERROR(VLOOKUP($B19,$T$2:$U$81,2,FALSE),"-") -> 2208 | K19: =IFERROR(VLOOKUP($B19,$W$2:$X$81,2,FALSE),"-") -> 3434 | L19: =IFERROR(VLOOKUP($B19,$Z$2:$AA$81,2,FALSE),"-") -> 10400 | M19: =IFERROR(VLOOKUP($B19,$AC$2:$AD$81,2,FALSE),"-") -> 8128 | Q19: BSFLSA03 | R19: 230 | T19: BSFLSA03 | U19: 360 | W19: BISWSA06 | X19: 384 | Z19: BISWSA06 | AA19: 744 | AC19: BSFLSA03 | AD19: 336
A20: Functional Ingredients | Q20: BSLASA04 | R20: 19079 | T20: BSLASA04 | U20: 40608 | W20: BSFLSA03 | X20: 480 | Z20: BSFLSA03 | AA20: 312 | AC20: BSLASA04 | AD20: 7872
A21: The Select Aisle Baking Soda - 100g | B21: BSLASA04 | C21: 14983.44 | D21: 14983.44 | E21: 5038.3311 | F21: 4741.6135 | G21: 3224.4523 | H21: 2995.7338 | I21: =IFERROR(VLOOKUP($B21,$Q$2:$R$81,2,FALSE),"-") -> 19079 | J21: =IFERROR(VLOOKUP($B21,$T$2:$U$81,2,FALSE),"-") -> 40608 | K21: =IFERROR(VLOOKUP($B21,$W$2:$X$81,2,FALSE),"-") -> 16738 | L21: =IFERROR(VLOOKUP($B21,$Z$2:$AA$81,2,FALSE),"-") -> 11520 | M21: =IFERROR(VLOOKUP($B21,$AC$2:$AD$81,2,FALSE),"-") -> 7872 | Q21: BSLASA05 | R21: 14271 | T21: BSLASA05 | U21: 12552 | W21: BSLASA01 | X21: 16 | Z21: BSLASA04 | AA21: 11520 | AC21: BSLASA05 | AD21: 5088
A22: The Select Aisle Baking Soda - 1kg | B22: BSLASA08 | C22: 650 | D22: 650 | E22: 150 | F22: 33.472803 | G22: 0 | H22: 61.307902 | I22: =IFERROR(VLOOKUP($B22,$Q$2:$R$81,2,FALSE),"-") -> 228 | J22: =IFERROR(VLOOKUP($B22,$T$2:$U$81,2,FALSE),"-") -> 336 | K22: =IFERROR(VLOOKUP($B22,$W$2:$X$81,2,FALSE),"-") -> 324 | L22: =IFERROR(VLOOKUP($B22,$Z$2:$AA$81,2,FALSE),"-") -> 420 | M22: =IFERROR(VLOOKUP($B22,$AC$2:$AD$81,2,FALSE),"-") -> 102 | Q22: BSLASA08 | R22: 228 | T22: BSLASA08 | U22: 336 | W22: BSLASA04 | X22: 16738 | Z22: BSLASA05 | AA22: 8736 | AC22: BSLASA08 | AD22: 102
A23: The Select Aisle Double Acting Baking Powder - 100g | B23: BSLASA05 | C23: 10767.992 | D23: 10767.992 | E23: 2790.555 | F23: 1955.3552 | G23: 3070.7854 | H23: 1463.4293 | I23: =IFERROR(VLOOKUP($B23,$Q$2:$R$81,2,FALSE),"-") -> 14271 | J23: =IFERROR(VLOOKUP($B23,$T$2:$U$81,2,FALSE),"-") -> 12552 | K23: =IFERROR(VLOOKUP($B23,$W$2:$X$81,2,FALSE),"-") -> 11049 | L23: =IFERROR(VLOOKUP($B23,$Z$2:$AA$81,2,FALSE),"-") -> 8736 | M23: =IFERROR(VLOOKUP($B23,$AC$2:$AD$81,2,FALSE),"-") -> 5088 | Q23: BSLASA10 | R23: 7403 | T23: BSLASA10 | U23: 8928 | W23: BSLASA05 | X23: 11049 | Z23: BSLASA08 | AA23: 420 | AC23: BSLASA10 | AD23: 21410
A24: The Select Aisle Dry Instant Yeast - 25g | B24: BIFISA07 | C24: 47442.911 | D24: 47442.911 | E24: 5849.2702 | F24: 5168.3824 | G24: 7917.9273 | H24: 7339.5976 | I24: =IFERROR(VLOOKUP($B24,$Q$2:$R$81,2,FALSE),"-") -> 55959 | J24: =IFERROR(VLOOKUP($B24,$T$2:$U$81,2,FALSE),"-") -> 123696 | K24: =IFERROR(VLOOKUP($B24,$W$2:$X$81,2,FALSE),"-") -> 190300 | L24: =IFERROR(VLOOKUP($B24,$Z$2:$AA$81,2,FALSE),"-") -> 186262 | M24: =IFERROR(VLOOKUP($B24,$AC$2:$AD$81,2,FALSE),"-") -> 236618 | Q24: BSLASA25 | R24: 1 | T24: CDCLSA01 | U24: 2430 | W24: BSLASA08 | X24: 324 | Z24: BSLASA10 | AA24: 17064 | AC24: BSLASA25 | AD24: 1
A25: The Select Aisle Dry Instant Yeast - 75g | B25: BIFISA03 | C25: 3005.6884 | D25: 3005.6884 | E25: 264.28346 | F25: 258.16111 | G25: 352.39666 | H25: 306.36155 | I25: =IFERROR(VLOOKUP($B25,$Q$2:$R$81,2,FALSE),"-") -> 5824 | J25: =IFERROR(VLOOKUP($B25,$T$2:$U$81,2,FALSE),"-") -> 9376 | K25: =IFERROR(VLOOKUP($B25,$W$2:$X$81,2,FALSE),"-") -> 5330 | L25: =IFERROR(VLOOKUP($B25,$Z$2:$AA$81,2,FALSE),"-") -> 16472 | M25: =IFERROR(VLOOKUP($B25,$AC$2:$AD$81,2,FALSE),"-") -> 17332 | Q25: CDCLSA01 | R25: 1468 | T25: CDCLSA02 | U25: 90 | W25: BSLASA10 | X25: 11520 | Z25: BSLASA25 | AC25: CDCLSA01 | AD25: 1040
A26: The Select Aisle Agar Agar - 20g | B26: BIFISA09 | C26: 8615.7562 | D26: 8615.7562 | E26: 1362.371 | F26: 1281.3669 | G26: 1115.8079 | H26: 829.91842 | I26: =IFERROR(VLOOKUP($B26,$Q$2:$R$81,2,FALSE),"-") -> 14283 | J26: =IFERROR(VLOOKUP($B26,$T$2:$U$81,2,FALSE),"-") -> 22597 | K26: =IFERROR(VLOOKUP($B26,$W$2:$X$81,2,FALSE),"-") -> 20808 | L26: =IFERROR(VLOOKUP($B26,$Z$2:$AA$81,2,FALSE),"-") -> 5400 | M26: =IFERROR(VLOOKUP($B26,$AC$2:$AD$81,2,FALSE),"-") -> 6164 | Q26: CDCLSA02 | R26: 110 | T26: CDCLSA03 | U26: 120 | W26: CDCLSA01 | X26: 1319 | Z26: CDCLSA01 | AA26: 1120 | AC26: CDCLSA04 | AD26: 860
A27: The Select Aisle Gelatin | B27: BIFISA11 | C27: 3080.6595 | D27: 3080.6595 | E27: 491.57775 | F27: 504.75297 | G27: 552.97134 | H27: 565.51658 | I27: =IFERROR(VLOOKUP($B27,$Q$2:$R$81,2,FALSE),"-") -> 5688 | J27: =IFERROR(VLOOKUP($B27,$T$2:$U$81,2,FALSE),"-") -> 8695 | K27: =IFERROR(VLOOKUP($B27,$W$2:$X$81,2,FALSE),"-") -> 17226 | L27: =IFERROR(VLOOKUP($B27,$Z$2:$AA$81,2,FALSE),"-") -> 8005 | M27: =IFERROR(VLOOKUP($B27,$AC$2:$AD$81,2,FALSE),"-") -> 2508 | Q27: CDCLSA03 | R27: 100 | T27: CDCLSA04 | U27: 1730 | W27: CDCLSA02 | X27: 30 | Z27: CDCLSA04 | AA27: 971 | AC27: CDCLSA05 | AD27: 200
A28: The Select Aisle Citric Acid | B28: BSLASA10 | C28: 864.56946 | D28: 864.56946 | E28: 123.15573 | F28: 265.47725 | G28: 361.18024 | H28: 488.92362 | I28: =IFERROR(VLOOKUP($B28,$Q$2:$R$81,2,FALSE),"-") -> 7403 | J28: =IFERROR(VLOOKUP($B28,$T$2:$U$81,2,FALSE),"-") -> 8928 | K28: =IFERROR(VLOOKUP($B28,$W$2:$X$81,2,FALSE),"-") -> 11520 | L28: =IFERROR(VLOOKUP($B28,$Z$2:$AA$81,2,FALSE),"-") -> 17064 | M28: =IFERROR(VLOOKUP($B28,$AC$2:$AD$81,2,FALSE),"-") -> 21410 | Q28: CDCLSA04 | R28: 1340 | T28: CDCLSA05 | U28: 2640 | W28: CDCLSA03 | X28: 40 | Z28: CDCLSA05 | AA28: 670 | AC28: CDSPSA23 | AD28: 7762
A29: The Select Aisle Corn Flour | B29: BIFISA10 | C29: 25095.441 | D29: 25095.441 | E29: 1248.5805 | F29: 1843.6818 | G29: 1573.2315 | H29: 2512.9932 | I29: =IFERROR(VLOOKUP($B29,$Q$2:$R$81,2,FALSE),"-") -> 23189 | J29: =IFERROR(VLOOKUP($B29,$T$2:$U$81,2,FALSE),"-") -> 51176 | K29: =IFERROR(VLOOKUP($B29,$W$2:$X$81,2,FALSE),"-") -> 85650 | L29: =IFERROR(VLOOKUP($B29,$Z$2:$AA$81,2,FALSE),"-") -> 103693 | M29: =IFERROR(VLOOKUP($B29,$AC$2:$AD$81,2,FALSE),"-") -> 104634 | Q29: CDCLSA05 | R29: 1020 | T29: CDCLSA06 | U29: 60 | W29: CDCLSA04 | X29: 1080 | Z29: CDCLSA06 | AA29: 40 | AC29: CDSPSA24 | AD29: 4786
A30: The Select Aisle Icing Sugar 300g | B30: BISWSA05 | C30: 1796.4571 | D30: 1796.4571 | E30: 469.35084 | F30: 630.79394 | G30: 618.93171 | H30: 325.57497 | I30: =IFERROR(VLOOKUP($B30,$Q$2:$R$81,2,FALSE),"-") -> 3758 | J30: =IFERROR(VLOOKUP($B30,$T$2:$U$81,2,FALSE),"-") -> 4142 | K30: =IFERROR(VLOOKUP($B30,$W$2:$X$81,2,FALSE),"-") -> 5144 | L30: =IFERROR(VLOOKUP($B30,$Z$2:$AA$81,2,FALSE),"-") -> 4620 | M30: =IFERROR(VLOOKUP($B30,$AC$2:$AD$81,2,FALSE),"-") -> 7722 | Q30: CDCLSA07 | R30: 100 | T30: CDCLSA07 | U30: 150 | W30: CDCLSA05 | X30: 1486 | Z30: CDSPSA23 | AA30: 12385 | AC30: CDSPSA38 | AD30: 144
A31: The Select Aisle T55 Baking Flour - 453g | B31: BSFLSA03 | C31: 32.955635 | D31: 32.955635 | E31: 0 | F31: 0 | G31: 0 | H31: 0 | I31: =IFERROR(VLOOKUP($B31,$Q$2:$R$81,2,FALSE),"-") -> 230 | J31: =IFERROR(VLOOKUP($B31,$T$2:$U$81,2,FALSE),"-") -> 360 | K31: =IFERROR(VLOOKUP($B31,$W$2:$X$81,2,FALSE),"-") -> 480 | L31: =IFERROR(VLOOKUP($B31,$Z$2:$AA$81,2,FALSE),"-") -> 312 | M31: =IFERROR(VLOOKUP($B31,$AC$2:$AD$81,2,FALSE),"-") -> 336 | Q31: CDCLSA08 | R31: 108 | T31: CDCLSA08 | U31: 170 | W31: CDCLSA06 | X31: 310 | Z31: CDSPSA24 | AA31: 6529 | AC31: CDSPSA40 | AD31: 6720
A32: Colours & Flavours | Q32: CDSPSA23 | R32: 6288 | T32: CDSPSA23 | U32: 10656 | W32: CDCLSA07 | X32: 30 | Z32: CDSPSA38 | AA32: 288 | AC32: CDSPSA44 | AD32: 4440
A33: The Select Aisle Vanilla Essence 30 ml | B33: BIEFSA15 | C33: 19935.777 | D33: 19935.777 | E33: 5051.987 | F33: 8743.8011 | G33: 10247.701 | H33: 8309.8326 | I33: =IFERROR(VLOOKUP($B33,$Q$2:$R$81,2,FALSE),"-") -> 54624 | J33: =IFERROR(VLOOKUP($B33,$T$2:$U$81,2,FALSE),"-") -> 92874 | K33: =IFERROR(VLOOKUP($B33,$W$2:$X$81,2,FALSE),"-") -> 129640 | L33: =IFERROR(VLOOKUP($B33,$Z$2:$AA$81,2,FALSE),"-") -> 118752 | M33: =IFERROR(VLOOKUP($B33,$AC$2:$AD$81,2,FALSE),"-") -> 22464 | Q33: CDSPSA24 | R33: 3888 | T33: CDSPSA24 | U33: 5424 | W33: CDCLSA08 | X33: 240 | Z33: CDSPSA40 | AA33: 9312 | AC33: CDSPSA54 | AD33: 672
A34: The Select Aisle Vanilla Flavour - 100ml | B34: BIEFSA01 | C34: 4458.3823 | D34: 4458.3823 | E34: 1379.4596 | F34: 1061.1087 | G34: 1607.2201 | H34: 2037.6423 | I34: =IFERROR(VLOOKUP($B34,$Q$2:$R$81,2,FALSE),"-") -> 3315 | J34: =IFERROR(VLOOKUP($B34,$T$2:$U$81,2,FALSE),"-") -> 14112 | K34: =IFERROR(VLOOKUP($B34,$W$2:$X$81,2,FALSE),"-") -> 5091 | L34: =IFERROR(VLOOKUP($B34,$Z$2:$AA$81,2,FALSE),"-") -> 3409 | M34: =IFERROR(VLOOKUP($B34,$AC$2:$AD$81,2,FALSE),"-") -> 1738 | Q34: CDSPSA38 | R34: 53 | T34: CDSPSA38 | U34: 96 | W34: CDSPSA05 | X34: 48 | Z34: CDSPSA44 | AA34: 2400 | AC34: CDTFSA01 | AD34: 8180
A35: The Select Aisle Vanilla Extract - 30ml | B35: BIEFSA16 | C35: 3923.1314 | D35: 3923.1314 | E35: 535.70915 | F35: 702.82325 | G35: 726.47587 | H35: 810.33261 | I35: =IFERROR(VLOOKUP($B35,$Q$2:$R$81,2,FALSE),"-") -> 6531 | J35: =IFERROR(VLOOKUP($B35,$T$2:$U$81,2,FALSE),"-") -> 9462 | K35: =IFERROR(VLOOKUP($B35,$W$2:$X$81,2,FALSE),"-") -> 14944 | L35: =IFERROR(VLOOKUP($B35,$Z$2:$AA$81,2,FALSE),"-") -> 21094 | M35: =IFERROR(VLOOKUP($B35,$AC$2:$AD$81,2,FALSE),"-") -> 19808 | Q35: CDSPSA40 | R35: 2040 | T35: CDSPSA40 | U35: 3936 | W35: CDSPSA23 | X35: 15030 | Z35: CDSPSA54 | AA35: 768 | AC35: CHCCSA33 | AD35: 4032
A36: The Select Aisle Yellow Gel Food Colour 30ml | B36: CDCLSA05 | C36: 1075.3329 | D36: 1075.3329 | E36: 76.698223 | F36: 104.273 | G36: 100.95151 | H36: 110.09091 | I36: =IFERROR(VLOOKUP($B36,$Q$2:$R$81,2,FALSE),"-") -> 1020 | J36: =IFERROR(VLOOKUP($B36,$T$2:$U$81,2,FALSE),"-") -> 2640 | K36: =IFERROR(VLOOKUP($B36,$W$2:$X$81,2,FALSE),"-") -> 1486 | L36: =IFERROR(VLOOKUP($B36,$Z$2:$AA$81,2,FALSE),"-") -> 670 | M36: =IFERROR(VLOOKUP($B36,$AC$2:$AD$81,2,FALSE),"-") -> 200 | Q36: CDSPSA44 | R36: 384 | T36: CDSPSA44 | U36: 2064 | W36: CDSPSA24 | X36: 6534 | Z36: CDTFSA01 | AA36: 17930 | AC36: CHCCSA34 | AD36: 1632
A37: The Select Aisle Red Gel Food Colour 30ml | B37: CDCLSA01 | C37: 1416.9992 | D37: 1416.9992 | E37: 226.68197 | F37: 268.34257 | G37: 305.3476 | H37: 283.6039 | I37: =IFERROR(VLOOKUP($B37,$Q$2:$R$81,2,FALSE),"-") -> 1468 | J37: =IFERROR(VLOOKUP($B37,$T$2:$U$81,2,FALSE),"-") -> 2430 | K37: =IFERROR(VLOOKUP($B37,$W$2:$X$81,2,FALSE),"-") -> 1319 | L37: =IFERROR(VLOOKUP($B37,$Z$2:$AA$81,2,FALSE),"-") -> 1120 | M37: =IFERROR(VLOOKUP($B37,$AC$2:$AD$81,2,FALSE),"-") -> 1040 | Q37: CDSPSA54 | R37: 288 | T37: CDSPSA54 | U37: 720 | W37: CDSPSA26 | X37: 96 | Z37: CHCCSA33 | AA37: 5304 | AC37: CHCCSA35 | AD37: 4392
A38: The Select Aisle Dark Green Gel Food Colour 30ml | B38: CDCLSA02 | C38: 0 | D38: 0 | E38: - | F38: - | G38: - | H38: - | I38: =IFERROR(VLOOKUP($B38,$Q$2:$R$81,2,FALSE),"-") -> 110 | J38: =IFERROR(VLOOKUP($B38,$T$2:$U$81,2,FALSE),"-") -> 90 | K38: =IFERROR(VLOOKUP($B38,$W$2:$X$81,2,FALSE),"-") -> 30 | L38: =IFERROR(VLOOKUP($B38,$Z$2:$AA$81,2,FALSE),"-") -> - | M38: =IFERROR(VLOOKUP($B38,$AC$2:$AD$81,2,FALSE),"-") -> - | Q38: CDTFSA01 | R38: 7884 | T38: CDTFSA01 | U38: 16488 | W38: CDSPSA38 | X38: 54 | Z38: CHCCSA34 | AA38: 2016 | AC38: CHCCSA36 | AD38: 453
A39: The Select Aisle Dark Blue Gel Food Colour 30ml | B39: CDCLSA03 | C39: 0 | D39: 0 | E39: 0 | F39: 0 | G39: 0 | H39: 0 | I39: =IFERROR(VLOOKUP($B39,$Q$2:$R$81,2,FALSE),"-") -> 100 | J39: =IFERROR(VLOOKUP($B39,$T$2:$U$81,2,FALSE),"-") -> 120 | K39: =IFERROR(VLOOKUP($B39,$W$2:$X$81,2,FALSE),"-") -> 40 | L39: =IFERROR(VLOOKUP($B39,$Z$2:$AA$81,2,FALSE),"-") -> - | M39: =IFERROR(VLOOKUP($B39,$AC$2:$AD$81,2,FALSE),"-") -> - | Q39: CHCCSA33 | R39: 12936 | T39: CHCCSA33 | U39: 14472 | W39: CDSPSA40 | X39: 3603 | Z39: CHCCSA35 | AA39: 7248 | AC39: CHCCSA48 | AD39: 10500
A40: The Select Aisle Sky Blue Gel Food Colour 30ml | B40: CDCLSA04 | C40: 1052.4149 | D40: 1052.4149 | E40: 130.57513 | F40: 128.10512 | G40: 157.61031 | H40: 184.02727 | I40: =IFERROR(VLOOKUP($B40,$Q$2:$R$81,2,FALSE),"-") -> 1340 | J40: =IFERROR(VLOOKUP($B40,$T$2:$U$81,2,FALSE),"-") -> 1730 | K40: =IFERROR(VLOOKUP($B40,$W$2:$X$81,2,FALSE),"-") -> 1080 | L40: =IFERROR(VLOOKUP($B40,$Z$2:$AA$81,2,FALSE),"-") -> 971 | M40: =IFERROR(VLOOKUP($B40,$AC$2:$AD$81,2,FALSE),"-") -> 860 | Q40: CHCCSA34 | R40: 3408 | T40: CHCCSA34 | U40: 3360 | W40: CDSPSA44 | X40: 2112 | Z40: CHCCSA36 | AC40: CHCCSA49 | AD40: 2256
A41: The Select Aisle Orange Gel Food Colour 30ml | B41: CDCLSA06 | C41: 0 | D41: 0 | E41: 0 | F41: 0 | G41: 0 | H41: 0 | I41: =IFERROR(VLOOKUP($B41,$Q$2:$R$81,2,FALSE),"-") -> - | J41: =IFERROR(VLOOKUP($B41,$T$2:$U$81,2,FALSE),"-") -> 60 | K41: =IFERROR(VLOOKUP($B41,$W$2:$X$81,2,FALSE),"-") -> 310 | L41: =IFERROR(VLOOKUP($B41,$Z$2:$AA$81,2,FALSE),"-") -> 40 | M41: =IFERROR(VLOOKUP($B41,$AC$2:$AD$81,2,FALSE),"-") -> - | Q41: CHCCSA35 | R41: 22509 | T41: CHCCSA35 | U41: 18720 | W41: CDSPSA54 | X41: 528 | Z41: CHCCSA48 | AA41: 5376 | AC41: CHCCSA50 | AD41: 5940
A42: The Select Aisle Purple Gel Food Colour 30ml | B42: CDCLSA07 | C42: 0 | D42: 0 | E42: - | F42: - | G42: - | H42: - | I42: =IFERROR(VLOOKUP($B42,$Q$2:$R$81,2,FALSE),"-") -> 100 | J42: =IFERROR(VLOOKUP($B42,$T$2:$U$81,2,FALSE),"-") -> 150 | K42: =IFERROR(VLOOKUP($B42,$W$2:$X$81,2,FALSE),"-") -> 30 | L42: =IFERROR(VLOOKUP($B42,$Z$2:$AA$81,2,FALSE),"-") -> - | M42: =IFERROR(VLOOKUP($B42,$AC$2:$AD$81,2,FALSE),"-") -> - | Q42: CHCCSA48 | R42: 38070 | T42: CHCCSA48 | U42: 27900 | W42: CDTFSA01 | X42: 22356 | Z42: CHCCSA49 | AA42: 3193 | AC42: CHCCSA52 | AD42: 120
A43: The Select Aisle Pink Gel Food Colour 30ml | B43: CDCLSA08 | C43: 0 | D43: 0 | E43: 0 | F43: 0 | G43: 0 | H43: 0 | I43: =IFERROR(VLOOKUP($B43,$Q$2:$R$81,2,FALSE),"-") -> 108 | J43: =IFERROR(VLOOKUP($B43,$T$2:$U$81,2,FALSE),"-") -> 170 | K43: =IFERROR(VLOOKUP($B43,$W$2:$X$81,2,FALSE),"-") -> 240 | L43: =IFERROR(VLOOKUP($B43,$Z$2:$AA$81,2,FALSE),"-") -> - | M43: =IFERROR(VLOOKUP($B43,$AC$2:$AD$81,2,FALSE),"-") -> - | Q43: CHCCSA49 | R43: 27990 | T43: CHCCSA49 | U43: 21780 | W43: CHCCSA33 | X43: 6434 | Z43: CHCCSA50 | AA43: 12600 | AC43: CHCCSA53 | AD43: 130
A44: Cake Décor | Q44: CHCCSA50 | R44: 6597 | T44: CHCCSA50 | U44: 11790 | W44: CHCCSA34 | X44: 2482 | Z44: CHCCSA52 | AA44: 240 | AC44: CHCCSSA01 | AD44: 5620
A45: The Select Aisle Rainbow Sprinkles - 85g | B45: CDSPSA23 | C45: 2662.1312 | D45: 2662.1312 | E45: 153.89572 | F45: 207.18021 | G45: 290.98666 | H45: 267.18247 | I45: =IFERROR(VLOOKUP($B45,$Q$2:$R$81,2,FALSE),"-") -> 6288 | J45: =IFERROR(VLOOKUP($B45,$T$2:$U$81,2,FALSE),"-") -> 10656 | K45: =IFERROR(VLOOKUP($B45,$W$2:$X$81,2,FALSE),"-") -> 15030 | L45: =IFERROR(VLOOKUP($B45,$Z$2:$AA$81,2,FALSE),"-") -> 12385 | M45: =IFERROR(VLOOKUP($B45,$AC$2:$AD$81,2,FALSE),"-") -> 7762 | Q45: CHCCSA52 | R45: 56 | T45: CHCCSA52 | U45: 420 | W45: CHCCSA35 | X45: 7503 | Z45: CHCCSA53 | AA45: 220 | AC45: CHCOSA01 | AD45: 900
A46: The Select Aisle Sprinkles Combo Pack - Carnival - 100g | B46: CDSPSA40 | C46: 2131.2606 | D46: 2131.2606 | E46: 166.234 | F46: 126.68874 | G46: 260.17734 | H46: 224.93094 | I46: =IFERROR(VLOOKUP($B46,$Q$2:$R$81,2,FALSE),"-") -> 2040 | J46: =IFERROR(VLOOKUP($B46,$T$2:$U$81,2,FALSE),"-") -> 3936 | K46: =IFERROR(VLOOKUP($B46,$W$2:$X$81,2,FALSE),"-") -> 3603 | L46: =IFERROR(VLOOKUP($B46,$Z$2:$AA$81,2,FALSE),"-") -> 9312 | M46: =IFERROR(VLOOKUP($B46,$AC$2:$AD$81,2,FALSE),"-") -> 6720 | Q46: CHCCSA53 | R46: 50 | T46: CHCCSA53 | U46: 130 | W46: CHCCSA39 | X46: 128 | Z46: CHCCSSA01 | AA46: 6960 | AC46: CHCOSA06 | AD46: 15782
A47: The Select Aisle Christmas Sprinkles Combo Pack - 100g | B47: CDSPSA54 | C47: 0 | D47: 0 | E47: 0 | F47: 0 | G47: 0 | H47: 0 | I47: =IFERROR(VLOOKUP($B47,$Q$2:$R$81,2,FALSE),"-") -> 288 | J47: =IFERROR(VLOOKUP($B47,$T$2:$U$81,2,FALSE),"-") -> 720 | K47: =IFERROR(VLOOKUP($B47,$W$2:$X$81,2,FALSE),"-") -> 528 | L47: =IFERROR(VLOOKUP($B47,$Z$2:$AA$81,2,FALSE),"-") -> 768 | M47: =IFERROR(VLOOKUP($B47,$AC$2:$AD$81,2,FALSE),"-") -> 672 | Q47: CHCCSSA01 | R47: 9936 | T47: CHCCSSA01 | U47: 13820 | W47: CHCCSA40 | X47: 234 | Z47: CHCOSA01 | AA47: 1700 | AC47: CHCOSA07 | AD47: 30
A48: The Select Aisle Colourful Sugar Balls - 100g | B48: CDSPSA24 | C48: 1667.3352 | D48: 1667.3352 | E48: 129.88655 | F48: 189.33047 | G48: 279.12354 | H48: 214.41558 | I48: =IFERROR(VLOOKUP($B48,$Q$2:$R$81,2,FALSE),"-") -> 3888 | J48: =IFERROR(VLOOKUP($B48,$T$2:$U$81,2,FALSE),"-") -> 5424 | K48: =IFERROR(VLOOKUP($B48,$W$2:$X$81,2,FALSE),"-") -> 6534 | L48: =IFERROR(VLOOKUP($B48,$Z$2:$AA$81,2,FALSE),"-") -> 6529 | M48: =IFERROR(VLOOKUP($B48,$AC$2:$AD$81,2,FALSE),"-") -> 4786 | Q48: CHCOSA01 | R48: 640 | T48: CHCOSA01 | U48: 960 | W48: CHCCSA48 | X48: 8460 | Z48: CHCOSA02 | AA48: 80 | AC48: CHCSSA02 | AD48: 420
A49: The Select Aisle Sprinkles Combo Pack - Love - 100g | B49: CDSPSA44 | C49: 673.83617 | D49: 673.83617 | E49: 84.737199 | F49: 68.609082 | G49: 77.107265 | H49: 69.205844 | I49: =IFERROR(VLOOKUP($B49,$Q$2:$R$81,2,FALSE),"-") -> 384 | J49: =IFERROR(VLOOKUP($B49,$T$2:$U$81,2,FALSE),"-") -> 2064 | K49: =IFERROR(VLOOKUP($B49,$W$2:$X$81,2,FALSE),"-") -> 2112 | L49: =IFERROR(VLOOKUP($B49,$Z$2:$AA$81,2,FALSE),"-") -> 2400 | M49: =IFERROR(VLOOKUP($B49,$AC$2:$AD$81,2,FALSE),"-") -> 4440 | Q49: CHCOSA06 | R49: 9028 | T49: CHCOSA06 | U49: 20864 | W49: CHCCSA49 | X49: 5760 | Z49: CHCOSA06 | AA49: 32640 | AC49: CHCSSA03 | AD49: 480
A50: TSA Tutti Frutti 100g | B50: CDTFSA01 | C50: 4047.1647 | D50: 4047.1647 | E50: 370.5415 | F50: 533.3874 | G50: 665.55781 | H50: 631.31336 | I50: =IFERROR(VLOOKUP($B50,$Q$2:$R$81,2,FALSE),"-") -> 7884 | J50: =IFERROR(VLOOKUP($B50,$T$2:$U$81,2,FALSE),"-") -> 16488 | K50: =IFERROR(VLOOKUP($B50,$W$2:$X$81,2,FALSE),"-") -> 22356 | L50: =IFERROR(VLOOKUP($B50,$Z$2:$AA$81,2,FALSE),"-") -> 17930 | M50: =IFERROR(VLOOKUP($B50,$AC$2:$AD$81,2,FALSE),"-") -> 8180 | Q50: CHCSSA02 | R50: 750 | T50: CHCOSA07 | U50: 20 | W50: CHCCSA50 | X50: 11052 | Z50: CHCOSA07 | AA50: 218 | AC50: CHCSSA04 | AD50: 320
A51: Cake Mixes | Q51: CHCSSA03 | R51: 1170 | T51: CHCSSA02 | U51: 2880 | W51: CHCCSA52 | X51: 186 | Z51: CHCSSA02 | AA51: 1920 | AC51: CHCSSA05 | AD51: 60
A52: The Select Aisle Eggless Chocolate Cake Mix - 365g | B52: BICPSA02 | C52: 2383.0285 | D52: 2383.0285 | E52: 129.9313 | F52: 108.49916 | G52: 168.85759 | H52: 177.56614 | I52: =IFERROR(VLOOKUP($B52,$Q$2:$R$81,2,FALSE),"-") -> 2554 | J52: =IFERROR(VLOOKUP($B52,$T$2:$U$81,2,FALSE),"-") -> 8294 | K52: =IFERROR(VLOOKUP($B52,$W$2:$X$81,2,FALSE),"-") -> 11966 | L52: =IFERROR(VLOOKUP($B52,$Z$2:$AA$81,2,FALSE),"-") -> 8737 | M52: =IFERROR(VLOOKUP($B52,$AC$2:$AD$81,2,FALSE),"-") -> 5884 | Q52: CHCSSA04 | R52: 1116 | T52: CHCSSA03 | U52: 2580 | W52: CHCCSA53 | X52: 226 | Z52: CHCSSA03 | AA52: 960 | AC52: COBCSA01 | AD52: 360
A53: The Select Aisle Eggless Vanilla Cake Mix - 365g | B53: BICPSA01 | C53: 1337.3809 | D53: 1337.3809 | E53: 104.80312 | F53: 144.89236 | G53: 109.93687 | H53: 142.1062 | I53: =IFERROR(VLOOKUP($B53,$Q$2:$R$81,2,FALSE),"-") -> 1937 | J53: =IFERROR(VLOOKUP($B53,$T$2:$U$81,2,FALSE),"-") -> 5386 | K53: =IFERROR(VLOOKUP($B53,$W$2:$X$81,2,FALSE),"-") -> 9207 | L53: =IFERROR(VLOOKUP($B53,$Z$2:$AA$81,2,FALSE),"-") -> 5999 | M53: =IFERROR(VLOOKUP($B53,$AC$2:$AD$81,2,FALSE),"-") -> 3728 | Q53: CHCSSA05 | R53: 916 | T53: CHCSSA04 | U53: 3220 | W53: CHCCSSA01 | X53: 5366 | Z53: CHCSSA04 | AA53: 240 | AC53: COBCSA02 | AD53: 20376
A54: The Select Aisle Eggless Chocolate Cupcake Kit 190g | B54: BICCPSA01 | C54: 362.00009 | D54: 362.00009 | E54: 70.659507 | F54: 53.228778 | G54: 44.958223 | H54: 34.602262 | I54: =IFERROR(VLOOKUP($B54,$Q$2:$R$81,2,FALSE),"-") -> 516 | J54: =IFERROR(VLOOKUP($B54,$T$2:$U$81,2,FALSE),"-") -> 1589 | K54: =IFERROR(VLOOKUP($B54,$W$2:$X$81,2,FALSE),"-") -> 1854 | L54: =IFERROR(VLOOKUP($B54,$Z$2:$AA$81,2,FALSE),"-") -> 1849 | M54: =IFERROR(VLOOKUP($B54,$AC$2:$AD$81,2,FALSE),"-") -> 42 | Q54: COBCSA01 | R54: 1956 | T54: CHCSSA05 | U54: 2371 | W54: CHCOSA01 | X54: 1440 | Z54: CHCSSA05 | AA54: 300 | AC54: CPVSA02 | AD54: 72
A55: The Select Aisle Triple Brownie Mix | B55: BIBMSA01 | C55: 252.87027 | D55: 252.87027 | E55: 88.505643 | F55: 63.871113 | G55: 79.433072 | H55: 109.01533 | I55: =IFERROR(VLOOKUP($B55,$Q$2:$R$81,2,FALSE),"-") -> 804 | J55: =IFERROR(VLOOKUP($B55,$T$2:$U$81,2,FALSE),"-") -> 1612 | K55: =IFERROR(VLOOKUP($B55,$W$2:$X$81,2,FALSE),"-") -> 1120 | L55: =IFERROR(VLOOKUP($B55,$Z$2:$AA$81,2,FALSE),"-") -> 1560 | M55: =IFERROR(VLOOKUP($B55,$AC$2:$AD$81,2,FALSE),"-") -> 650 | Q55: COBCSA02 | R55: 15012 | T55: COBCSA01 | U55: 1368 | W55: CHCOSA02 | X55: 144 | Z55: COBCSA01 | AA55: 936 | AC55: PMPPSA01 | AD55: 2
A56: TSA Double Chocolate Mug Cake Mix | B56: BIMCSA01 | C56: 840.04137 | D56: 840.04137 | E56: 139.24781 | F56: 225.77719 | G56: 189.88339 | H56: 298.64703 | I56: =IFERROR(VLOOKUP($B56,$Q$2:$R$81,2,FALSE),"-") -> 1713 | J56: =IFERROR(VLOOKUP($B56,$T$2:$U$81,2,FALSE),"-") -> 3352 | K56: =IFERROR(VLOOKUP($B56,$W$2:$X$81,2,FALSE),"-") -> 4004 | L56: =IFERROR(VLOOKUP($B56,$Z$2:$AA$81,2,FALSE),"-") -> 3304 | M56: =IFERROR(VLOOKUP($B56,$AC$2:$AD$81,2,FALSE),"-") -> 2956 | Q56: CPVSA02 | R56: 1636 | T56: COBCSA02 | U56: 11124 | W56: CHCOSA06 | X56: 34184 | Z56: COBCSA02 | AA56: 26545 | AC56: SAHC02 | AD56: 8128
A57: Marshmallow | Q57: PMCPSA01 | R57: 12 | T57: CPVSA01 | U57: 192 | W57: CHCOSA07 | X57: 204 | Z57: CPVSA02 | AA57: 72 | AC57: SAMM01 | AD57: 86760
A58: The Select Aisle Marshmallow 20g | B58: SAMM01 | C58: 16046.22 | D58: 16046.22 | E58: 2417.3899 | F58: 2353.7416 | G58: 2920.3913 | H58: 3253.2228 | I58: =IFERROR(VLOOKUP($B58,$Q$2:$R$81,2,FALSE),"-") -> 27530 | J58: =IFERROR(VLOOKUP($B58,$T$2:$U$81,2,FALSE),"-") -> 30600 | K58: =IFERROR(VLOOKUP($B58,$W$2:$X$81,2,FALSE),"-") -> 57900 | L58: =IFERROR(VLOOKUP($B58,$Z$2:$AA$81,2,FALSE),"-") -> 95400 | M58: =IFERROR(VLOOKUP($B58,$AC$2:$AD$81,2,FALSE),"-") -> 86760 | Q58: PMPPSA01 | R58: 12 | T58: CPVSA02 | U58: 1008 | W58: CHCSSA02 | X58: 3660 | Z58: ITCBSA01 | AA58: 96 | AC58: SARKS01 | AD58: 140
A59: The Select Aisle Fluffles 70g | B59: SAFLVM01 | C59: - | D59: - | E59: - | F59: - | G59: - | H59: - | I59: =IFERROR(VLOOKUP($B59,$Q$2:$R$81,2,FALSE),"-") -> 63 | J59: =IFERROR(VLOOKUP($B59,$T$2:$U$81,2,FALSE),"-") -> - | K59: =IFERROR(VLOOKUP($B59,$W$2:$X$81,2,FALSE),"-") -> - | L59: =IFERROR(VLOOKUP($B59,$Z$2:$AA$81,2,FALSE),"-") -> - | M59: =IFERROR(VLOOKUP($B59,$AC$2:$AD$81,2,FALSE),"-") -> - | Q59: SAFLVM01 | R59: 63 | T59: ITCBSA01 | U59: 96 | W59: CHCSSA03 | X59: 2400 | Z59: SAHAS01 | AA59: 642 | AC59: SCPSSA01 | AD59: 144
A60: Seasonings | Q60: SAHC01 | R60: 64 | T60: SAHC02 | U60: 2208 | W60: CHCSSA04 | X60: 1144 | Z60: SAHAS02 | AA60: 477 | AC60: SCPSSA03 | AD60: 192
A61: TSA Paneer Poppers Mix 70g | B61: PMPPSA01 | C61: 127.97173 | D61: 127.97173 | E61: 0 | F61: 0 | G61: 0 | H61: 0 | I61: =IFERROR(VLOOKUP($B61,$Q$2:$R$81,2,FALSE),"-") -> 12 | J61: =IFERROR(VLOOKUP($B61,$T$2:$U$81,2,FALSE),"-") -> - | K61: =IFERROR(VLOOKUP($B61,$W$2:$X$81,2,FALSE),"-") -> - | L61: =IFERROR(VLOOKUP($B61,$Z$2:$AA$81,2,FALSE),"-") -> - | M61: =IFERROR(VLOOKUP($B61,$AC$2:$AD$81,2,FALSE),"-") -> 2 | Q61: SAHC02 | R61: 4277 | T61: SAMM01 | U61: 30600 | W61: CHCSSA05 | X61: 977 | Z61: SAHC01 | AA61: 48
A62: TSA Chicken Poppers Mix 70g | B62: PMCPSA01 | C62: 28.776234 | D62: 28.776234 | E62: 0 | F62: 0 | G62: 0 | H62: 0 | I62: =IFERROR(VLOOKUP($B62,$Q$2:$R$81,2,FALSE),"-") -> 12 | J62: =IFERROR(VLOOKUP($B62,$T$2:$U$81,2,FALSE),"-") -> - | K62: =IFERROR(VLOOKUP($B62,$W$2:$X$81,2,FALSE),"-") -> 147 | L62: =IFERROR(VLOOKUP($B62,$Z$2:$AA$81,2,FALSE),"-") -> - | M62: =IFERROR(VLOOKUP($B62,$AC$2:$AD$81,2,FALSE),"-") -> - | Q62: SAMM01 | R62: 27530 | T62: SARKS01 | U62: 1341 | W62: COBCSA01 | X62: 1656 | Z62: SAHC02 | AA62: 10400
A63: TSA Panko Bread Crumbs (Granular) 50g | B63: COBCSA02 | C63: 21492.22 | D63: 21492.22 | E63: 256.26536 | F63: 810.86855 | G63: 176.8638 | H63: 71.519996 | I63: =IFERROR(VLOOKUP($B63,$Q$2:$R$81,2,FALSE),"-") -> 15012 | J63: =IFERROR(VLOOKUP($B63,$T$2:$U$81,2,FALSE),"-") -> 11124 | K63: =IFERROR(VLOOKUP($B63,$W$2:$X$81,2,FALSE),"-") -> 3984 | L63: =IFERROR(VLOOKUP($B63,$Z$2:$AA$81,2,FALSE),"-") -> 26545 | M63: =IFERROR(VLOOKUP($B63,$AC$2:$AD$81,2,FALSE),"-") -> 20376 | Q63: SARKS01 | R63: 632 | T63: SCPSSA01 | U63: 96 | W63: COBCSA02 | X63: 3984 | Z63: SAMM01 | AA63: 95400
A64: Mixes | Q64: SCPSSA01 | R64: 874 | T64: SCPSSA02 | U64: 240 | W64: CPVSA01 | X64: 144 | Z64: SARKS01 | AA64: 200
A65: Custard | B65: CPVSA02 | C65: 3334.4628 | D65: 3334.4628 | E65: 0 | F65: 0 | G65: 0 | H65: 0 | I65: =IFERROR(VLOOKUP($B65,$Q$2:$R$81,2,FALSE),"-") -> 1636 | J65: =IFERROR(VLOOKUP($B65,$T$2:$U$81,2,FALSE),"-") -> 1008 | K65: =IFERROR(VLOOKUP($B65,$W$2:$X$81,2,FALSE),"-") -> 873 | L65: =IFERROR(VLOOKUP($B65,$Z$2:$AA$81,2,FALSE),"-") -> 72 | M65: =IFERROR(VLOOKUP($B65,$AC$2:$AD$81,2,FALSE),"-") -> 72 | Q65: SCPSSA02 | R65: 58 | T65: SCPSSA03 | U65: 432 | W65: CPVSA02 | X65: 873 | Z65: SCPSSA01 | AA65: 48
A66: RTC | Q66: SCPSSA03 | R66: 720 | W66: ITCBSA01 | X66: 384 | Z66: SCPSSA03 | AA66: 96
A67: Kunafa Shreds | B67: SARKS01 | C67: 0 | D67: 112.43659 | E67: 30 | F67: 56.325436 | G67: 0 | H67: 0 | I67: =IFERROR(VLOOKUP($B67,$Q$2:$R$81,2,FALSE),"-") -> 632 | J67: =IFERROR(VLOOKUP($B67,$T$2:$U$81,2,FALSE),"-") -> 1341 | K67: =IFERROR(VLOOKUP($B67,$W$2:$X$81,2,FALSE),"-") -> 1580 | L67: =IFERROR(VLOOKUP($B67,$Z$2:$AA$81,2,FALSE),"-") -> 200 | M67: =IFERROR(VLOOKUP($B67,$AC$2:$AD$81,2,FALSE),"-") -> 140 | W67: PMCPSA01 | X67: 147
A68: Seller Cenral SKUs | W68: SAHAS01 | X68: 144
A69: Halim Seeds 250g | B69: SAHAS01 | C69: - | D69: - | E69: 1200 | F69: 120 | G69: 100 | H69: 0 | I69: =IFERROR(VLOOKUP($B69,$Q$2:$R$81,2,FALSE),"-") -> - | J69: =IFERROR(VLOOKUP($B69,$T$2:$U$81,2,FALSE),"-") -> - | K69: =IFERROR(VLOOKUP($B69,$W$2:$X$81,2,FALSE),"-") -> 144 | L69: =IFERROR(VLOOKUP($B69,$Z$2:$AA$81,2,FALSE),"-") -> 642 | M69: =IFERROR(VLOOKUP($B69,$AC$2:$AD$81,2,FALSE),"-") -> - | W69: SAHAS02 | X69: 384
A70: Halim Seeds 500g | B70: SAHAS02 | C70: - | D70: - | E70: 700 | F70: 70 | G70: 100 | H70: 0 | I70: =IFERROR(VLOOKUP($B70,$Q$2:$R$81,2,FALSE),"-") -> - | J70: =IFERROR(VLOOKUP($B70,$T$2:$U$81,2,FALSE),"-") -> - | K70: =IFERROR(VLOOKUP($B70,$W$2:$X$81,2,FALSE),"-") -> 384 | L70: =IFERROR(VLOOKUP($B70,$Z$2:$AA$81,2,FALSE),"-") -> 477 | M70: =IFERROR(VLOOKUP($B70,$AC$2:$AD$81,2,FALSE),"-") -> - | W70: SAHC02 | X70: 3434
A71: Dark Choco Chips 1kg | B71: CHCCSA52 | C71: - | D71: - | E71: 50 | F71: 50 | G71: 0 | H71: 0 | I71: =IFERROR(VLOOKUP($B71,$Q$2:$R$81,2,FALSE),"-") -> 56 | J71: =IFERROR(VLOOKUP($B71,$T$2:$U$81,2,FALSE),"-") -> 420 | K71: =IFERROR(VLOOKUP($B71,$W$2:$X$81,2,FALSE),"-") -> 186 | L71: =IFERROR(VLOOKUP($B71,$Z$2:$AA$81,2,FALSE),"-") -> 240 | M71: =IFERROR(VLOOKUP($B71,$AC$2:$AD$81,2,FALSE),"-") -> 120 | W71: SAMM01 | X71: 57900
A72: White Choco Chips 1kg | B72: CHCCSA53 | C72: - | D72: - | E72: 50 | F72: 50 | G72: 0 | H72: 0 | I72: =IFERROR(VLOOKUP($B72,$Q$2:$R$81,2,FALSE),"-") -> 50 | J72: =IFERROR(VLOOKUP($B72,$T$2:$U$81,2,FALSE),"-") -> 130 | K72: =IFERROR(VLOOKUP($B72,$W$2:$X$81,2,FALSE),"-") -> 226 | L72: =IFERROR(VLOOKUP($B72,$Z$2:$AA$81,2,FALSE),"-") -> 220 | M72: =IFERROR(VLOOKUP($B72,$AC$2:$AD$81,2,FALSE),"-") -> 130 | W72: SARKS01 | X72: 1580
A73: Monk Fruit 170g | B73: BISWSA06 | C73: - | D73: - | E73: 400 | F73: 40 | G73: 50 | H73: 0 | I73: =IFERROR(VLOOKUP($B73,$Q$2:$R$81,2,FALSE),"-") -> - | J73: =IFERROR(VLOOKUP($B73,$T$2:$U$81,2,FALSE),"-") -> - | K73: =IFERROR(VLOOKUP($B73,$W$2:$X$81,2,FALSE),"-") -> 384 | L73: =IFERROR(VLOOKUP($B73,$Z$2:$AA$81,2,FALSE),"-") -> 744 | M73: =IFERROR(VLOOKUP($B73,$AC$2:$AD$81,2,FALSE),"-") -> - | W73: SCPSSA01 | X73: 96
A74: Cocoa Powder 500g | B74: CHCOSA07 | C74: - | D74: - | E74: 50 | F74: 50 | G74: 0 | H74: 0 | I74: =IFERROR(VLOOKUP($B74,$Q$2:$R$81,2,FALSE),"-") -> - | J74: =IFERROR(VLOOKUP($B74,$T$2:$U$81,2,FALSE),"-") -> 20 | K74: =IFERROR(VLOOKUP($B74,$W$2:$X$81,2,FALSE),"-") -> 204 | L74: =IFERROR(VLOOKUP($B74,$Z$2:$AA$81,2,FALSE),"-") -> 218 | M74: =IFERROR(VLOOKUP($B74,$AC$2:$AD$81,2,FALSE),"-") -> 30 | W74: SCPSSA03 | X74: 96
A75: Nutritional Yeast Flakes 45g | B75: SANYF01 | C75: - | D75: - | E75: - | F75: - | G75: 20 | H75: 0 | I75: =IFERROR(VLOOKUP($B75,$Q$2:$R$81,2,FALSE),"-") -> - | J75: =IFERROR(VLOOKUP($B75,$T$2:$U$81,2,FALSE),"-") -> - | K75: =IFERROR(VLOOKUP($B75,$W$2:$X$81,2,FALSE),"-") -> - | L75: =IFERROR(VLOOKUP($B75,$Z$2:$AA$81,2,FALSE),"-") -> - | M75: =IFERROR(VLOOKUP($B75,$AC$2:$AD$81,2,FALSE),"-") -> -

Sheet Delhi DP
B1: SKU Code | C1: 46113 | D1: 46143 | E1: 46174 | F1: 46204 | G1: 46235 | H1: 46266
A2: Product | C2: TOTAL (in pcs) | D2: TOTAL (in pcs) | E2: TOTAL (in pcs) | F2: TOTAL (in pcs) | G2: TOTAL (in pcs) | H2: TOTAL (in pcs)
A3: Compound Chocolate & Cocoa
A4: The Select Aisle Dark Compound Chocolate Chips - 150g | B4: CHCCSA35 | C4: 4824.3892 | D4: 4824.3892 | E4: 6604.6211 | F4: 6367.165 | G4: 8770.2743 | H4: 8608.9284
A5: TSA Dark Compound Chocolate Chips 50g | B5: CHCCSA48 | C5: 3608.5634 | D5: 3608.5634 | E5: 16179.747 | F5: 21270.282 | G5: 20005.97 | H5: 22198.484
A6: The Select Aisle's Dark Chocolate Chips - 250g | B6: CHCCSA47 | C6: - | D6: - | E6: - | F6: - | G6: - | H6: -
A7: The Select Aisle Milk Compound Chocolate Chips - 150g | B7: CHCCSA33 | C7: 3269.232 | D7: 3269.232 | E7: 5738.7259 | F7: 5257.0979 | G7: 6080.2196 | H7: 6032.8425
A8: TSA Milk Compound Chocolate Chips 50g | B8: CHCCSA49 | C8: 6989.6825 | D8: 6989.6825 | E8: 8833.3946 | F8: 9891.0613 | G8: 8546.0803 | H8: 9543.9421
A9: The Select Aisle White Compound Chocolate Chips | B9: CHCCSA34 | C9: 668.84616 | D9: 668.84616 | E9: 1672.6889 | F9: 1403.271 | G9: 1874.9508 | H9: 1168.0839
A10: The Select Aisle Twin Chocolate Chips 50g | B10: CHCCSA50 | C10: 160.69886 | D10: 160.69886 | E10: 2190.0373 | F10: 2447.4232 | G10: 1892.359 | H10: 1447.7605
A11: The Select Aisle Dark Compound Chocolate Slab 500g | B11: CHCCSSA01 | C11: 3069.1437 | D11: 3069.1437 | E11: 9909.5576 | F11: 9531.2715 | G11: 9747.9765 | H11: 10939.821
A12: The Select Aisle Milk Compound Chocolate Bar 500 g | B12: CHCSSA04 | C12: - | D12: - | E12: 1710.5263 | F12: 1378.0286 | G12: 1687.1652 | H12: 1861.2226
A13: The Select Aisle White Compound Chocolate Bar 500 g | B13: CHCSSA05 | C13: - | D13: - | E13: 1507.6923 | F13: 960.92545 | G13: 1156.982 | H13: 1629.9747
A14: The Select Aisle Dark Compound Chocolate Slab 150g | B14: CHCSSA02 | C14: 545.18781 | D14: 545.18781 | E14: 3220.4921 | F14: 3678.4012 | G14: 3373.1945 | H14: 1977.2923
A15: The Select Aisle Milk Compound Chocolate Slab 150g | B15: CHCSSA03 | C15: 444.16266 | D15: 444.16266 | E15: 2686.6888 | F15: 2395.5272 | G15: 2222.5522 | H15: 1417.7812
A16: The Select Aisle Cocoa Powder 70g | B16: CHCOSA06 | C16: 1528.6525 | D16: 1528.6525 | E16: 3311.2186 | F16: 3193.9138 | G16: 4276.4596 | H16: 6848.3964
A17: The Select Aisle Dutch Processed Cocoa Powder 250g | B17: CHCOSA01 | C17: 122.04214 | D17: 122.04214 | E17: 525.60429 | F17: 439.54481 | G17: 712.92192 | H17: 911.57354
A18: The Select Aisle Drinking Chocolate 200g | B18: SAHC02 | C18: 648.60358 | D18: 648.60358 | E18: 1357.5499 | F18: 1165.4552 | G18: 1637.8157 | H18: 2002.3915
A19: Functional Ingredients
A20: The Select Aisle Baking Soda - 100g | B20: BSLASA04 | C20: 5157.372 | D20: 5157.372 | E20: 7852.0947 | F20: 9217.1473 | G20: 10395.652 | H20: 10020.208
A21: The Select Aisle Baking Soda - 1kg | B21: BSLASA08 | C21: - | D21: - | E21: 152.28426 | F21: 251.04603 | G21: 400 | H21: 400.54496
A22: The Select Aisle Double Acting Baking Powder - 100g | B22: BSLASA05 | C22: 2533.8867 | D22: 2533.8867 | E22: 5602.343 | F22: 5528.6311 | G22: 7567.2725 | H22: 9524.2768
A23: The Select Aisle Dry Instant Yeast - 25g | B23: BIFISA07 | C23: 16974.41 | D23: 16974.41 | E23: 39996.934 | F23: 41040.965 | G23: 55521.256 | H23: 57951.066
A24: The Select Aisle Dry Instant Yeast - 75g | B24: BIFISA03 | C24: 2375.1389 | D24: 2375.1389 | E24: 3861.3341 | F24: 3815.419 | G24: 4132.3845 | H24: 4479.4403
A25: The Select Aisle Agar Agar - 20g | B25: BIFISA09 | C25: 2202.0719 | D25: 2202.0719 | E25: 3308.492 | F25: 3588.9582 | G25: 2812.5325 | H25: 2515.1016
A26: The Select Aisle Gelatin | B26: BIFISA11 | C26: 1282.7797 | D26: 1282.7797 | E26: 2264.1926 | F26: 2429.9867 | G26: 2780.9746 | H26: 2526.5618
A27: The Select Aisle Citric Acid | B27: BSLASA10 | C27: 2479.0569 | D27: 2479.0569 | E27: 4215.8944 | F27: 3963.5174 | G27: 5129.6382 | H27: 5015.1311
A28: The Select Aisle Corn Flour | B28: BIFISA10 | C28: 6586.592 | D28: 6586.592 | E28: 16296.133 | F28: 16195.91 | G28: 17856.558 | H28: 20644.074
A29: The Select Aisle Icing Sugar 300g | B29: BISWSA05 | C29: 577.70178 | D29: 577.70178 | E29: 991.24231 | F29: 970.58162 | G29: 1017.3098 | H29: 1078.4324
A30: The Select Aisle T55 Baking Flour - 453g | B30: BSFLSA03 | C30: 10.407043 | D30: 10.407043 | E30: 0 | F30: 0 | G30: 0 | H30: 0
A31: Colours & Flavours
A32: The Select Aisle Vanilla Essence 30 ml | B32: BIEFSA15 | C32: 8401.0666 | D32: 8401.0666 | E32: 19803.482 | F32: 16773.959 | G32: 18236.404 | H32: 19720.943
A33: The Select Aisle Vanilla Flavour - 100ml | B33: BIEFSA01 | C33: 2542.221 | D33: 2542.221 | E33: 4962.3874 | F33: 4253.7442 | G33: 4312.4131 | H33: 4568.4806
A34: The Select Aisle Vanilla Extract - 30ml | B34: BIEFSA16 | C34: 1799.7225 | D34: 1799.7225 | E34: 4042.1691 | F34: 3634.2065 | G34: 3898.0463 | H34: 4850.2076
A35: The Select Aisle Yellow Gel Food Colour 30ml | B35: CDCLSA05 | C35: 474.49232 | D35: 474.49232 | E35: 726.78197 | F35: 687.40796 | G35: 914.56553 | H35: 699.32922
A36: The Select Aisle Red Gel Food Colour 30ml | B36: CDCLSA01 | C36: 652.5238 | D36: 652.5238 | E36: 885.75174 | F36: 908.5155 | G36: 1072.2223 | H36: 963.76429
A37: The Select Aisle Dark Green Gel Food Colour 30ml | B37: CDCLSA02 | C37: 0 | D37: 0 | E37: - | F37: - | G37: - | H37: -
A38: The Select Aisle Dark Blue Gel Food Colour 30ml | B38: CDCLSA03 | C38: 0 | D38: 0 | E38: 0 | F38: 0 | G38: 0 | H38: 0
A39: The Select Aisle Sky Blue Gel Food Colour 30ml | B39: CDCLSA04 | C39: 344.20167 | D39: 344.20167 | E39: 915.59729 | F39: 946.87888 | G39: 1092.6215 | H39: 952.57013
A40: The Select Aisle Orange Gel Food Colour 30ml | B40: CDCLSA06 | C40: 0 | D40: 0 | E40: 0 | F40: 0 | G40: 0 | H40: 0
A41: The Select Aisle Purple Gel Food Colour 30ml | B41: CDCLSA07 | C41: 0 | D41: 0 | E41: - | F41: - | G41: - | H41: -
A42: The Select Aisle Pink Gel Food Colour 30ml | B42: CDCLSA08 | C42: 0 | D42: 0 | E42: 0 | F42: 0 | G42: 0 | H42: 0
A43: Cake Décor
A44: The Select Aisle Rainbow Sprinkles - 85g | B44: CDSPSA23 | C44: 1059.5694 | D44: 1059.5694 | E44: 3950.0048 | F44: 3530.6961 | G44: 4669.3917 | H44: 3497.2726
A45: The Select Aisle Sprinkles Combo Pack - Carnival - 100g | B45: CDSPSA40 | C45: 760.32468 | D45: 760.32468 | E45: 1471.2245 | F45: 1402.527 | G45: 2225.5549 | H45: 1891.6315
A46: The Select Aisle Christmas Sprinkles Combo Pack - 100g | B46: CDSPSA54 | C46: 0 | D46: 0 | E46: 0 | F46: 0 | G46: 0 | H46: 0
A47: The Select Aisle Colourful Sugar Balls - 100g | B47: CDSPSA24 | C47: 629.30349 | D47: 629.30349 | E47: 1569.0493 | F47: 1322.6207 | G47: 1561.3943 | H47: 1470.3052
A48: The Select Aisle Sprinkles Combo Pack - Love - 100g | B48: CDSPSA44 | C48: 291.11726 | D48: 291.11726 | E48: 632.23804 | F48: 569.07841 | G48: 463.79545 | H48: 477.99351
A49: TSA Tutti Frutti 100g | B49: CDTFSA01 | C49: 1815.1484 | D49: 1815.1484 | E49: 6411.775 | F49: 6899.2625 | G49: 5665.7711 | H49: 4656.2426
A50: Cake Mixes
A51: The Select Aisle Eggless Chocolate Cake Mix - 365g | B51: BICPSA02 | C51: 453.90205 | D51: 453.90205 | E51: 1656.8369 | F51: 1767.1431 | G51: 2456.765 | H51: 1526.6809
A52: The Select Aisle Eggless Vanilla Cake Mix - 365g | B52: BICPSA01 | C52: 371.29535 | D52: 371.29535 | E52: 1699.4224 | F52: 1536.4377 | G52: 1326.4352 | H52: 1267.4386
A53: The Select Aisle Eggless Chocolate Cupcake Kit 190g | B53: BICCPSA01 | C53: 117.60761 | D53: 117.60761 | E53: 643.68654 | F53: 641.94707 | G53: 564.74187 | H53: 331.93239
A54: The Select Aisle Triple Brownie Mix | B54: BIBMSA01 | C54: 625.59051 | D54: 625.59051 | E54: 287.99907 | F54: 330.22933 | G54: 692.55709 | H54: 659.51376
A55: TSA Double Chocolate Mug Cake Mix | B55: BIMCSA01 | C55: 1185.4506 | D55: 1185.4506 | E55: 1343.3063 | F55: 1137.6825 | G55: 1406.5891 | H55: 1571.5257
A56: Marshmallow
A57: The Select Aisle Marshmallow 20g | B57: SAMM01 | C57: 6846.1547 | D57: 6846.1547 | E57: 11429.464 | F57: 11264.222 | G57: 16218.114 | H57: 16680.768
A58: The Select Aisle Fluffles 70g | B58: SAFLVM01 | C58: - | D58: - | E58: - | F58: - | G58: - | H58: -
A59: Seasonings
A60: TSA Paneer Poppers Mix 70g | B60: PMPPSA01 | C60: 18.281676 | D60: 18.281676 | E60: 0 | F60: 0 | G60: 0 | H60: 0
A61: TSA Chicken Poppers Mix 70g | B61: PMCPSA01 | C61: 38.368312 | D61: 38.368312 | E61: 0 | F61: 0 | G61: 0 | H61: 0
A62: TSA Panko Bread Crumbs (Granular) 50g | B62: COBCSA02 | C62: 5584.0097 | D62: 5584.0097 | E62: 1757.2482 | F62: 3996.2576 | G62: 7508.0415 | H62: 4662.6161
A63: Mixes
A64: Custard | B64: CPVSA02 | C64: 385.26814 | D64: 385.26814 | E64: 0 | F64: 0 | G64: 0 | H64: 0
A65: RTC
A66: Kunafa Shreds | B66: SARKS01 | C66: 0 | D66: 163.43724 | E66: 256.84406 | F66: 264.72955 | G66: 0 | H66: 0
A67: Seller Cenral SKUs
A68: Halim Seeds 250g | B68: SAHAS01 | C68: - | D68: - | E68: - | F68: 1080 | G68: 900 | H68: 0
A69: Halim Seeds 500g | B69: SAHAS02 | C69: - | D69: - | E69: - | F69: 630 | G69: 900 | H69: 0
A70: Dark Choco Chips 1kg | B70: CHCCSA52 | C70: - | D70: - | E70: - | F70: 0 | G70: 0 | H70: 0
A71: White Choco Chips 1kg | B71: CHCCSA53 | C71: - | D71: - | E71: - | F71: 0 | G71: 0 | H71: 0
A72: Monk Fruit 170g | B72: BISWSA06 | C72: - | D72: - | E72: - | F72: 360 | G72: 450 | H72: 0
A73: Cocoa Powder 500g | B73: CHCOSA07 | C73: - | D73: - | E73: - | F73: 0 | G73: 0 | H73: 0
A74: Nutritional Yeast Flakes 45g | B74: SANYF01 | C74: - | D74: - | E74: - | F74: - | G74: 180 | H74: 0

Sheet Mumbai DP
B1: SKU Code | C1: 46113 | D1: 46143 | E1: 46174 | F1: 46204 | G1: 46235 | H1: 46266
A2: Product | C2: TOTAL (in pcs) | D2: TOTAL (in pcs) | E2: TOTAL (in pcs) | F2: TOTAL (in pcs) | G2: TOTAL (in pcs) | H2: TOTAL (in pcs)
A3: Compound Chocolate & Cocoa
A4: The Select Aisle Dark Compound Chocolate Chips - 150g | B4: CHCCSA35 | C4: 6031.7417 | D4: 6031.7417 | E4: 5996.5886 | F4: 5840.4622 | G4: 8834.6875 | H4: 8025.5248
A5: TSA Dark Compound Chocolate Chips 50g | B5: CHCCSA48 | C5: 6459.3551 | D5: 6459.3551 | E5: 15829.547 | F5: 11918.154 | G5: 17046.193 | H5: 16724.818
A6: The Select Aisle's Dark Chocolate Chips - 250g | B6: CHCCSA47 | C6: - | D6: - | E6: - | F6: - | G6: - | H6: -
A7: The Select Aisle Milk Compound Chocolate Chips - 150g | B7: CHCCSA33 | C7: 3709.3366 | D7: 3709.3366 | E7: 3991.7125 | F7: 3699.0696 | G7: 4964.1815 | H7: 5015.2844
A8: TSA Milk Compound Chocolate Chips 50g | B8: CHCCSA49 | C8: 5299.173 | D8: 5299.173 | E8: 5918.2914 | F8: 5804.5653 | G8: 6875.5764 | H8: 6742.081
A9: The Select Aisle White Compound Chocolate Chips | B9: CHCCSA34 | C9: 568.98015 | D9: 568.98015 | E9: 1012.1392 | F9: 1047.6669 | G9: 1889.3385 | H9: 1467.948
A10: The Select Aisle Twin Chocolate Chips 50g | B10: CHCCSA50 | C10: 68.404813 | D10: 68.404813 | E10: 697.7505 | F10: 329.85238 | G10: 330.31139 | H10: 595.5697
A11: The Select Aisle Dark Compound Chocolate Slab 500g | B11: CHCCSSA01 | C11: 3300.0137 | D11: 3300.0137 | E11: 6862.899 | F11: 7269.2098 | G11: 10495.747 | H11: 10267.083
A12: The Select Aisle Milk Compound Chocolate Bar 500 g | B12: CHCSSA04 | C12: - | D12: - | E12: 513.15789 | F12: 558.37004 | G12: 1251.9837 | H12: 1202.4587
A13: The Select Aisle White Compound Chocolate Bar 500 g | B13: CHCSSA05 | C13: - | D13: - | E13: 466.66667 | F13: 547.0437 | G13: 1063.8023 | H13: 1236.5325
A14: The Select Aisle Dark Compound Chocolate Slab 150g | B14: CHCSSA02 | C14: 715.07297 | D14: 715.07297 | E14: 2547.3493 | F14: 2733.0084 | G14: 3891.2802 | H14: 1687.7957
A15: The Select Aisle Milk Compound Chocolate Slab 150g | B15: CHCSSA03 | C15: 725.86306 | D15: 725.86306 | E15: 1942.6005 | F15: 2860.833 | G15: 2642.8488 | H15: 1237.2678
A16: The Select Aisle Cocoa Powder 70g | B16: CHCOSA06 | C16: 2014.0101 | D16: 2014.0101 | E16: 2672.817 | F16: 2299.3959 | G16: 5071.3425 | H16: 6045.9735
A17: The Select Aisle Dutch Processed Cocoa Powder 250g | B17: CHCOSA01 | C17: 139.33373 | D17: 139.33373 | E17: 257.04736 | F17: 249.64438 | G17: 849.03885 | H17: 368.97743
A18: The Select Aisle Drinking Chocolate 200g | B18: SAHC02 | C18: 759.27666 | D18: 759.27666 | E18: 1182.449 | F18: 1153.8015 | G18: 2234.8167 | H18: 1956.4688
A19: Functional Ingredients
A20: The Select Aisle Baking Soda - 100g | B20: BSLASA04 | C20: 9714.7084 | D20: 9714.7084 | E20: 9632.5523 | F20: 9748.84 | G20: 10635.399 | H20: 7666.7185
A21: The Select Aisle Baking Soda - 1kg | B21: BSLASA08 | C21: 100 | D21: 100 | E21: 150 | F21: 146.44351 | G21: 380 | H21: 273.84196
A22: The Select Aisle Double Acting Baking Powder - 100g | B22: BSLASA05 | C22: 3904.4365 | D22: 3904.4365 | E22: 5134.0205 | F22: 6110.2911 | G22: 7365.1053 | H22: 3399.6454
A23: The Select Aisle Dry Instant Yeast - 25g | B23: BIFISA07 | C23: 11803.984 | D23: 11803.984 | E23: 16741.291 | F23: 16715.606 | G23: 26080.77 | H23: 32381.43
A24: The Select Aisle Dry Instant Yeast - 75g | B24: BIFISA03 | C24: 1094.6051 | D24: 1094.6051 | E24: 1583.5578 | F24: 1500.7256 | G24: 2075.68 | H24: 1812.3069
A25: The Select Aisle Agar Agar - 20g | B25: BIFISA09 | C25: 2975.1773 | D25: 2975.1773 | E25: 2796.0894 | F25: 2905.6348 | G25: 2226.9165 | H25: 2462.7993
A26: The Select Aisle Gelatin | B26: BIFISA11 | C26: 1092.6278 | D26: 1092.6278 | E26: 1479.4415 | F26: 1458.4523 | G26: 1409.427 | H26: 1485.7488
A27: The Select Aisle Citric Acid | B27: BSLASA10 | C27: 1718.8353 | D27: 1718.8353 | E27: 2377.453 | F27: 2301.767 | G27: 3164.8529 | H27: 3023.8568
A28: The Select Aisle Corn Flour | B28: BIFISA10 | C28: 4316.7235 | D28: 4316.7235 | E28: 9929.7945 | F28: 8182.9969 | G28: 13388.021 | H28: 9118.1086
A29: The Select Aisle Icing Sugar 300g | B29: BISWSA05 | C29: 1081.0945 | D29: 1081.0945 | E29: 1028.4046 | F29: 1053.486 | G29: 1192.3404 | H29: 1099.0575
A30: The Select Aisle T55 Baking Flour - 453g | B30: BSFLSA03 | C30: 21.94718 | D30: 21.94718 | E30: 0 | F30: 0 | G30: 0 | H30: 0
A31: Colours & Flavours
A32: The Select Aisle Vanilla Essence 30 ml | B32: BIEFSA15 | C32: 7107.9696 | D32: 7107.9696 | E32: 12613.515 | F32: 10304.942 | G32: 14673.88 | H32: 14747.071
A33: The Select Aisle Vanilla Flavour - 100ml | B33: BIEFSA01 | C33: 2969.7695 | D33: 2969.7695 | E33: 2684.8634 | F33: 3314.5548 | G33: 4071.203 | H33: 4406.0767
A34: The Select Aisle Vanilla Extract - 30ml | B34: BIEFSA16 | C34: 1300.6786 | D34: 1300.6786 | E34: 2080.8537 | F34: 2216.7478 | G34: 3217.4459 | H34: 3353.8246
A35: The Select Aisle Yellow Gel Food Colour 30ml | B35: CDCLSA05 | C35: 467.47508 | D35: 467.47508 | E35: 434.91871 | F35: 455.62587 | G35: 574.15981 | H35: 415.3487
A36: The Select Aisle Red Gel Food Colour 30ml | B36: CDCLSA01 | C36: 622.12909 | D36: 622.12909 | E36: 609.69368 | F36: 515.54587 | G36: 776.47458 | H36: 630.61494
A37: The Select Aisle Dark Green Gel Food Colour 30ml | B37: CDCLSA02 | C37: 0 | D37: 0 | E37: - | F37: - | G37: - | H37: -
A38: The Select Aisle Dark Blue Gel Food Colour 30ml | B38: CDCLSA03 | C38: 0 | D38: 0 | E38: 0 | F38: 0 | G38: 0 | H38: 0
A39: The Select Aisle Sky Blue Gel Food Colour 30ml | B39: CDCLSA04 | C39: 503.22463 | D39: 503.22463 | E39: 645.10312 | F39: 580.42267 | G39: 704.69258 | H39: 578.1526
A40: The Select Aisle Orange Gel Food Colour 30ml | B40: CDCLSA06 | C40: 0 | D40: 0 | E40: 0 | F40: 0 | G40: 0 | H40: 0
A41: The Select Aisle Purple Gel Food Colour 30ml | B41: CDCLSA07 | C41: 0 | D41: 0 | E41: - | F41: - | G41: - | H41: -
A42: The Select Aisle Pink Gel Food Colour 30ml | B42: CDCLSA08 | C42: 0 | D42: 0 | E42: 0 | F42: 0 | G42: 0 | H42: 0
A43: Cake Décor
A44: The Select Aisle Rainbow Sprinkles - 85g | B44: CDSPSA23 | C44: 797.8732 | D44: 797.8732 | E44: 1424.2582 | F44: 1633.7023 | G44: 1843.7633 | H44: 1477.0509
A45: The Select Aisle Sprinkles Combo Pack - Carnival - 100g | B45: CDSPSA40 | C45: 635.39895 | D45: 635.39895 | E45: 591.20587 | F45: 679.19938 | G45: 1265.3099 | H45: 1122.5993
A46: The Select Aisle Christmas Sprinkles Combo Pack - 100g | B46: CDSPSA54 | C46: 0 | D46: 0 | E46: 0 | F46: 0 | G46: 0 | H46: 0
A47: The Select Aisle Colourful Sugar Balls - 100g | B47: CDSPSA24 | C47: 568.07318 | D47: 568.07318 | E47: 591.24983 | F47: 858.0263 | G47: 901.13306 | H47: 644.44156
A48: The Select Aisle Sprinkles Combo Pack - Love - 100g | B48: CDSPSA44 | C48: 214.63424 | D48: 214.63424 | E48: 239.07085 | F48: 227.01313 | G48: 230.11334 | H48: 237.16039
A49: TSA Tutti Frutti 100g | B49: CDTFSA01 | C49: 1105.1333 | D49: 1105.1333 | E49: 2585.3478 | F49: 2315.1964 | G49: 2243.8519 | H49: 2682.2572
A50: Cake Mixes
A51: The Select Aisle Eggless Chocolate Cake Mix - 365g | B51: BICPSA02 | C51: 620.97667 | D51: 620.97667 | E51: 1055.2342 | F51: 997.22688 | G51: 1506.404 | H51: 754.32013
A52: The Select Aisle Eggless Vanilla Cake Mix - 365g | B52: BICPSA01 | C52: 313.38999 | D52: 313.38999 | E52: 833.32866 | F52: 907.44569 | G52: 1003.3761 | H52: 793.39811
A53: The Select Aisle Eggless Chocolate Cupcake Kit 190g | B53: BICCPSA01 | C53: 119.51002 | D53: 119.51002 | E53: 338.05157 | F53: 397.94848 | G53: 366.0342 | H53: 177.75155
A54: The Select Aisle Triple Brownie Mix | B54: BIBMSA01 | C54: 460.96143 | D54: 460.96143 | E54: 157.37499 | F54: 112.16629 | G54: 243.87383 | H54: 321.14884
A55: TSA Double Chocolate Mug Cake Mix | B55: BIMCSA01 | C55: 1279.8028 | D55: 1279.8028 | E55: 987.35403 | F55: 960.04175 | G55: 1436.0583 | H55: 1388.7062
A56: Marshmallow
A57: The Select Aisle Marshmallow 20g | B57: SAMM01 | C57: 5730.9557 | D57: 5730.9557 | E57: 7196.5172 | F57: 7801.7248 | G57: 12938.928 | H57: 11034.928
A58: The Select Aisle Fluffles 70g | B58: SAFLVM01 | C58: - | D58: - | E58: - | F58: - | G58: - | H58: -
A59: Seasonings
A60: TSA Paneer Poppers Mix 70g | B60: PMPPSA01 | C60: 73.126704 | D60: 73.126704 | E60: 0 | F60: 0 | G60: 0 | H60: 0
A61: TSA Chicken Poppers Mix 70g | B61: PMCPSA01 | C61: 134.28909 | D61: 134.28909 | E61: 0 | F61: 0 | G61: 0 | H61: 0
A62: TSA Panko Bread Crumbs (Granular) 50g | B62: COBCSA02 | C62: 6673.5781 | D62: 6673.5781 | E62: 6699.5086 | F62: 3645.4234 | G62: 3561.5513 | H62: 6184.1228
A63: Mixes
A64: Custard | B64: CPVSA02 | C64: 431.3686 | D64: 431.3686 | E64: 0 | F64: 0 | G64: 0 | H64: 0
A65: RTC
A66: Kunafa Shreds | B66: SARKS01 | C66: 0 | D66: 57.320615 | E66: 114 | F66: 129.5485 | G66: 0 | H66: 0
A67: Seller Cenral SKUs
A68: Halim Seeds 250g | B68: SAHAS01 | C68: - | D68: - | E68: 1200 | F68: 120 | G68: 100 | H68: 0
A69: Halim Seeds 500g | B69: SAHAS02 | C69: - | D69: - | E69: 700 | F69: 70 | G69: 100 | H69: 0
A70: Dark Choco Chips 1kg | B70: CHCCSA52 | C70: - | D70: - | E70: 50 | F70: 50 | G70: 0 | H70: 0
A71: White Choco Chips 1kg | B71: CHCCSA53 | C71: - | D71: - | E71: 50 | F71: 50 | G71: 0 | H71: 0
A72: Monk Fruit 170g | B72: BISWSA06 | C72: - | D72: - | E72: 400 | F72: 40 | G72: 50 | H72: 0
A73: Cocoa Powder 500g | B73: CHCOSA07 | C73: - | D73: - | E73: 50 | F73: 50 | G73: 0 | H73: 0
A74: Nutritional Yeast Flakes 45g | B74: SANYF01 | C74: - | D74: - | E74: - | F74: - | G74: 20 | H74: 0

Sheet Sheet8
A1: Overall
A2: SKU Code | B2: MRP | C2: 46235 | F2: SKU Code | G2: MRP | H2: 46204 | J2: SKU Code | K2: MRP | L2: 46174 | O2: SKU Code | P2: MRP | Q2: 46143 | T2: SKU Code | U2: MRP | V2: 46113 | AA2: SKU Code | AB2: MRP | AC2: Mum % | AD2: 46266 | AG2: SKU Code | AH2: MRP | AI2: Mum % | AJ2: 46235 | AM2: SKU Code | AN2: MRP | AO2: Mum % | AP2: 46204 | AS2: SKU Code | AT2: MRP | AU2: Mum % | AV2: 46174 | AY2: SKU Code | AZ2: MRP | BA2: Mum % | BB2: 46143 | BE2: SKU Code | BF2: MRP | BG2: Mum % | BH2: 46113 | BM2: SKU ID | BN2: 46113 | BQ2: Row Labels | BR2: 46174
C3: TOTAL (in pcs) | H3: TOTAL (in pcs) | L3: TOTAL (in pcs) | Q3: TOTAL (in pcs) | V3: TOTAL (in pcs) | AD3: TOTAL (in pcs) | AJ3: TOTAL (in pcs) | AP3: TOTAL (in pcs) | AV3: TOTAL (in pcs) | BB3: TOTAL (in pcs) | BH3: TOTAL (in pcs) | BM3: BIBMSA01 | BN3: 80 | BQ3: BIBMSA01 | BR3: 78
BM4: BICCPSA01 | BN4: 84 | BQ4: BICCPSA01 | BR4: 140
A5: CHCCSA35 | B5: 179 | C5: 40822.518 | F5: CHCCSA35 | G5: 179 | H5: 27536.266 | J5: CHCCSA35 | K5: 179 | L5: 27536.266 | O5: CHCCSA35 | P5: 179 | Q5: 28939.969 | T5: CHCCSA35 | U5: 179 | V5: 28939.969 | AA5: CHCCSA35 | AB5: 179 | AC5: 0.21246547 | AD5: 8025.5248 | AG5: CHCCSA35 | AH5: 179 | AI5: 0.21641702 | AJ5: 8834.6875 | AM5: CHCCSA35 | AN5: 179 | AO5: 0.21210073 | AP5: 5840.4622 | AS5: CHCCSA35 | AT5: 179 | AU5: 0.21777058 | AV5: 5996.5886 | AY5: CHCCSA35 | AZ5: 179 | BA5: 0.20842254 | BB5: 6031.7417 | BE5: CHCCSA35 | BF5: 179 | BG5: 0.20842254 | BH5: 6031.7417 | BM5: BICPSA01 | BN5: 260 | BQ5: BICPSA01 | BR5: 416
A6: CHCCSA48 | B6: 65 | C6: 71000 | F6: CHCCSA48 | G6: 65 | H6: 63317.707 | J6: CHCCSA48 | K6: 65 | L6: 63317.707 | O6: CHCCSA48 | P6: 65 | Q6: 29837.181 | T6: CHCCSA48 | U6: 65 | V6: 29837.181 | AA6: CHCCSA48 | AB6: 65 | AC6: 0.22288141 | AD6: 16724.818 | AG6: CHCCSA48 | AH6: 65 | AI6: 0.24008723 | AJ6: 17046.193 | AM6: CHCCSA48 | AN6: 65 | AO6: 0.18822782 | AP6: 11918.154 | AS6: CHCCSA48 | AT6: 65 | AU6: 0.25000189 | AV6: 15829.547 | AY6: CHCCSA48 | AZ6: 65 | BA6: 0.21648678 | BB6: 6459.3551 | BE6: CHCCSA48 | BF6: 65 | BG6: 0.21648678 | BH6: 6459.3551 | BM6: BICPSA02 | BN6: 130 | BQ6: BICPSA02 | BR6: 650
A7: CHCCSA47 | B7: 229 | C7: 0 | F7: CHCCSA47 | G7: 229 | H7: 0 | J7: CHCCSA47 | K7: 229 | L7: 0 | O7: CHCCSA47 | P7: 229 | Q7: 0 | T7: CHCCSA47 | U7: 229 | V7: 0 | AA7: CHCCSA47 | AB7: 229 | AC7: #N/A | AD7: - | AG7: CHCCSA47 | AH7: 229 | AI7: 0 | AJ7: - | AM7: CHCCSA47 | AN7: 229 | AO7: 0 | AP7: - | AS7: CHCCSA47 | AT7: 229 | AU7: 0 | AV7: - | AY7: CHCCSA47 | AZ7: 229 | BA7: 0 | BB7: - | BE7: CHCCSA47 | BF7: 229 | BG7: 0 | BH7: - | BM7: BIEFSA01 | BN7: 336 | BQ7: BIEFSA01 | BR7: 4560
A8: CHCCSA33 | B8: 199 | C8: 26710.444 | F8: CHCCSA33 | G8: 199 | H8: 19939.216 | J8: CHCCSA33 | K8: 199 | L8: 19939.216 | O8: CHCCSA33 | P8: 199 | Q8: 21438.581 | T8: CHCCSA33 | U8: 199 | V8: 21438.581 | AA8: CHCCSA33 | AB8: 199 | AC8: 0.19989874 | AD8: 5015.2844 | AG8: CHCCSA33 | AH8: 199 | AI8: 0.1858517 | AJ8: 4964.1815 | AM8: CHCCSA33 | AN8: 199 | AO8: 0.18551731 | AP8: 3699.0696 | AS8: CHCCSA33 | AT8: 199 | AU8: 0.20019405 | AV8: 3991.7125 | AY8: CHCCSA33 | AZ8: 199 | BA8: 0.17302156 | BB8: 3709.3366 | BE8: CHCCSA33 | BF8: 199 | BG8: 0.17302156 | BH8: 3709.3366 | BM8: BIEFSA15 | BN8: 6240 | BQ8: BIEFSA15 | BR8: 13440
A9: CHCCSA49 | B9: 80 | C9: 27500 | F9: CHCCSA49 | G9: 80 | H9: 27794.05 | J9: CHCCSA49 | K9: 80 | L9: 27794.05 | O9: CHCCSA49 | P9: 80 | Q9: 35172.582 | T9: CHCCSA49 | U9: 80 | V9: 35172.582 | AA9: CHCCSA49 | AB9: 80 | AC9: 0.22765065 | AD9: 6742.081 | AG9: CHCCSA49 | AH9: 80 | AI9: 0.25002096 | AJ9: 6875.5764 | AM9: CHCCSA49 | AN9: 80 | AO9: 0.20884201 | AP9: 5804.5653 | AS9: CHCCSA49 | AT9: 80 | AU9: 0.21293375 | AV9: 5918.2914 | AY9: CHCCSA49 | AZ9: 80 | BA9: 0.15066204 | BB9: 5299.173 | BE9: CHCCSA49 | BF9: 80 | BG9: 0.15066204 | BH9: 5299.173 | BM9: BIEFSA16 | BN9: 448 | BQ9: BIEFSA16 | BR9: 1248
A10: CHCCSA34 | B10: 199 | C10: 8300 | F10: CHCCSA34 | G10: 199 | H10: 5484.5053 | J10: CHCCSA34 | K10: 199 | L10: 5484.5053 | O10: CHCCSA34 | P10: 199 | Q10: 4534.7938 | T10: CHCCSA34 | U10: 199 | V10: 4534.7938 | AA10: CHCCSA34 | AB10: 199 | AC10: 0.21935864 | AD10: 1467.948 | AG10: CHCCSA34 | AH10: 199 | AI10: 0.22763115 | AJ10: 1889.3385 | AM10: CHCCSA34 | AN10: 199 | AO10: 0.19102305 | AP10: 1047.6669 | AS10: CHCCSA34 | AT10: 199 | AU10: 0.18454521 | AV10: 1012.1392 | AY10: CHCCSA34 | AZ10: 199 | BA10: 0.12546991 | BB10: 568.98015 | BE10: CHCCSA34 | BF10: 199 | BG10: 0.12546991 | BH10: 568.98015 | BM10: BIFISA03 | BN10: 280 | BQ10: BIFISA03 | BR10: 336
A11: CHCCSA50 | B11: 75 | C11: 3800 | F11: CHCCSA50 | G11: 75 | H11: 5004.7972 | J11: CHCCSA50 | K11: 75 | L11: 5004.7972 | O11: CHCCSA50 | P11: 75 | Q11: 775 | T11: CHCCSA50 | U11: 75 | V11: 775 | AA11: CHCCSA50 | AB11: 75 | AC11: 0.14889243 | AD11: 595.5697 | AG11: CHCCSA50 | AH11: 75 | AI11: 0.086924049 | AJ11: 330.31139 | AM11: CHCCSA50 | AN11: 75 | AO11: 0.065907242 | AP11: 329.85238 | AS11: CHCCSA50 | AT11: 75 | AU11: 0.13941634 | AV11: 697.7505 | AY11: CHCCSA50 | AZ11: 75 | BA11: 0.088264275 | BB11: 68.404813 | BE11: CHCCSA50 | BF11: 75 | BG11: 0.088264275 | BH11: 68.404813 | BM11: BIFISA07 | BN11: 4032 | BQ11: BIFISA07 | BR11: 11088
A12: CHCCSSA01 | B12: 229 | C12: 41160.703 | F12: CHCCSSA01 | G12: 229 | H12: 33641.92 | J12: CHCCSSA01 | K12: 229 | L12: 33641.92 | O12: CHCCSSA01 | P12: 229 | Q12: 27295.806 | T12: CHCCSSA01 | U12: 229 | V12: 27295.806 | AA12: CHCCSSA01 | AB12: 229 | AC12: 0.25290329 | AD12: 10267.083 | AG12: CHCCSSA01 | AH12: 229 | AI12: 0.25499436 | AJ12: 10495.747 | AM12: CHCCSSA01 | AN12: 229 | AO12: 0.21607595 | AP12: 7269.2098 | AS12: CHCCSSA01 | AT12: 229 | AU12: 0.20399843 | AV12: 6862.899 | AY12: CHCCSSA01 | AZ12: 229 | BA12: 0.1208982 | BB12: 3300.0137 | BE12: CHCCSSA01 | BF12: 229 | BG12: 0.1208982 | BH12: 3300.0137 | BM12: BIFISA09 | BN12: 1674 | BQ12: BIFISA09 | BR12: 2214
A13: CHCSSA04 | B13: 259 | C13: 4500 | F13: CHCSSA04 | G13: 259 | H13: 3250 | J13: CHCSSA04 | K13: 259 | L13: 3250 | O13: CHCSSA02 | P13: 109 | Q13: 4937.2166 | T13: CHCSSA02 | U13: 109 | V13: 4937.2166 | AA13: CHCSSA04 | AB13: 259 | AC13: 0.24170023 | AD13: 1202.4587 | AG13: CHCSSA04 | AH13: 259 | AI13: 0.27821861 | AJ13: 1251.9837 | AM13: CHCSSA04 | AN13: 259 | AO13: 0.17180617 | AP13: 558.37004 | AS13: CHCSSA04 | AT13: 259 | AU13: 0.15789474 | AV13: 513.15789 | AY13: CHCSSA02 | AZ13: 109 | BA13: 0.14483322 | BB13: 715.07297 | BE13: CHCSSA02 | BF13: 109 | BG13: 0.14483322 | BH13: 715.07297 | BM13: BIFISA10 | BN13: 1080 | BQ13: BIFISA10 | BR13: 1872
A14: CHCSSA05 | B14: 259 | C14: 4000 | F14: CHCSSA05 | G14: 259 | H14: 2800 | J14: CHCSSA05 | K14: 259 | L14: 2800 | O14: CHCSSA03 | P14: 109 | Q14: 3945.2156 | T14: CHCSSA03 | U14: 109 | V14: 3945.2156 | AA14: CHCSSA05 | AB14: 259 | AC14: 0.26735839 | AD14: 1236.5325 | AG14: CHCSSA05 | AH14: 259 | AI14: 0.26595056 | AJ14: 1063.8023 | AM14: CHCSSA05 | AN14: 259 | AO14: 0.19537275 | AP14: 547.0437 | AS14: CHCSSA05 | AT14: 259 | AU14: 0.16666667 | AV14: 466.66667 | AY14: CHCSSA03 | AZ14: 109 | BA14: 0.18398565 | BB14: 725.86306 | BE14: CHCSSA03 | BF14: 109 | BG14: 0.18398565 | BH14: 725.86306 | BM14: BIFISA11 | BN14: 486 | BQ14: BIFISA11 | BR14: 1026
A15: CHCSSA02 | B15: 109 | C15: 11700 | F15: CHCSSA02 | G15: 109 | H15: 9800 | J15: CHCSSA02 | K15: 109 | L15: 9800 | O15: CHCOSA06 | P15: 130 | Q15: 14235.667 | T15: CHCOSA06 | U15: 130 | V15: 14235.667 | AA15: CHCSSA02 | AB15: 109 | AC15: 0.25248229 | AD15: 1687.7957 | AG15: CHCSSA02 | AH15: 109 | AI15: 0.33258805 | AJ15: 3891.2802 | AM15: CHCSSA02 | AN15: 109 | AO15: 0.27887841 | AP15: 2733.0084 | AS15: CHCSSA02 | AT15: 109 | AU15: 0.25993361 | AV15: 2547.3493 | AY15: CHCOSA06 | AZ15: 130 | BA15: 0.14147634 | BB15: 2014.0101 | BE15: CHCOSA06 | BF15: 130 | BG15: 0.14147634 | BH15: 2014.0101 | BM15: BIMCSA01 | BN15: 270 | BQ15: BIMCSA01 | BR15: 149
A16: CHCSSA03 | B16: 109 | C16: 7700 | F16: CHCSSA03 | G16: 109 | H16: 8000 | J16: CHCSSA03 | K16: 109 | L16: 8000 | O16: CHCOSA01 | P16: 399 | Q16: 674.4768 | T16: CHCOSA01 | U16: 399 | V16: 674.4768 | AA16: CHCSSA03 | AB16: 109 | AC16: 0.26897125 | AD16: 1237.2678 | AG16: CHCSSA03 | AH16: 109 | AI16: 0.34322712 | AJ16: 2642.8488 | AM16: CHCSSA03 | AN16: 109 | AO16: 0.35760413 | AP16: 2860.833 | AS16: CHCSSA03 | AT16: 109 | AU16: 0.24282506 | AV16: 1942.6005 | AY16: CHCOSA01 | AZ16: 399 | BA16: 0.20658047 | BB16: 139.33373 | BE16: CHCOSA01 | BF16: 399 | BG16: 0.20658047 | BH16: 139.33373 | BM16: BISWSA05 | BN16: 336 | BQ16: BISWSA05 | BR16: 336
A17: CHCOSA06 | B17: 130 | C17: 20200 | F17: CHCOSA06 | G17: 130 | H17: 14521.916 | J17: CHCOSA06 | K17: 130 | L17: 14521.916 | O17: SAHC02 | P17: 245 | Q17: 3888.8819 | T17: SAHC02 | U17: 245 | V17: 3888.8819 | AA17: CHCOSA06 | AB17: 130 | AC17: 0.23878541 | AD17: 6045.9735 | AG17: CHCOSA06 | AH17: 130 | AI17: 0.25105656 | AJ17: 5071.3425 | AM17: CHCOSA06 | AN17: 130 | AO17: 0.1583397 | AP17: 2299.3959 | AS17: CHCOSA06 | AT17: 130 | AU17: 0.18405402 | AV17: 2672.817 | AY17: SAHC02 | AZ17: 245 | BA17: 0.19524292 | BB17: 759.27666 | BE17: SAHC02 | BF17: 245 | BG17: 0.19524292 | BH17: 759.27666 | BM17: BSFLSA03 | BN17: 96 | BQ17: BSFLSA03 | BR17: 24
A18: CHCOSA01 | B18: 399 | C18: 2400 | F18: CHCOSA01 | G18: 399 | H18: 1500 | J18: CHCOSA01 | K18: 399 | L18: 1500 | AA18: CHCOSA01 | AB18: 399 | AC18: 0.19019455 | AD18: 368.97743 | AG18: CHCOSA01 | AH18: 399 | AI18: 0.35376619 | AJ18: 849.03885 | AM18: CHCOSA01 | AN18: 399 | AO18: 0.16642959 | AP18: 249.64438 | AS18: CHCOSA01 | AT18: 399 | AU18: 0.1713649 | AV18: 257.04736 | BM18: BSLASA04 | BN18: 2592 | BQ18: BSLASA04 | BR18: 5952
A19: SAHC02 | B19: 245 | C19: 6400 | F19: SAHC02 | G19: 245 | H19: 4449.1619 | J19: SAHC02 | K19: 245 | L19: 4449.1619 | O19: BSLASA04 | P19: 35 | Q19: 43854.272 | T19: BSLASA04 | U19: 35 | V19: 43854.272 | AA19: SAHC02 | AB19: 245 | AC19: 0.26704501 | AD19: 1956.4688 | AG19: SAHC02 | AH19: 245 | AI19: 0.34919011 | AJ19: 2234.8167 | AM19: SAHC02 | AN19: 245 | AO19: 0.25933007 | AP19: 1153.8015 | AS19: SAHC02 | AT19: 245 | AU19: 0.26576892 | AV19: 1182.449 | AY19: BSLASA04 | AZ19: 35 | BA19: 0.22152251 | BB19: 9714.7084 | BE19: BSLASA04 | BF19: 35 | BG19: 0.22152251 | BH19: 9714.7084 | BM19: BSLASA05 | BN19: 1344 | BQ19: BSLASA05 | BR19: 4704
O20: BSLASA08 | P20: 199 | Q20: 1000 | T20: BSLASA08 | U20: 199 | V20: 1000 | AY20: BSLASA08 | AZ20: 199 | BA20: 0.1 | BB20: 100 | BE20: BSLASA08 | BF20: 199 | BG20: 0.1 | BH20: 100 | BM20: BSLASA10 | BN20: 576 | BQ20: BSLASA10 | BR20: 1008
A21: BSLASA04 | B21: 35 | C21: 41500 | F21: BSLASA04 | G21: 35 | H21: 39377.762 | J21: BSLASA04 | K21: 35 | L21: 39377.762 | O21: BSLASA05 | P21: 35 | Q21: 23446.594 | T21: BSLASA05 | U21: 35 | V21: 23446.594 | AA21: BSLASA04 | AB21: 35 | AC21: 0.2015284 | AD21: 7666.7185 | AG21: BSLASA04 | AH21: 35 | AI21: 0.25627468 | AJ21: 10635.399 | AM21: BSLASA04 | AN21: 35 | AO21: 0.24757222 | AP21: 9748.84 | AS21: BSLASA04 | AT21: 35 | AU21: 0.24461909 | AV21: 9632.5523 | AY21: BSLASA05 | AZ21: 35 | BA21: 0.16652467 | BB21: 3904.4365 | BE21: BSLASA05 | BF21: 35 | BG21: 0.16652467 | BH21: 3904.4365 | BM21: CDCLSA01 | BN21: 120 | BQ21: CDCLSA01 | BR21: 190
A22: BSLASA08 | B22: 199 | C22: 1500 | F22: BSLASA08 | G22: 199 | H22: 1000 | J22: BSLASA08 | K22: 199 | L22: 1000 | O22: BIFISA07 | P22: 45 | Q22: 92890.7 | T22: BIFISA07 | U22: 45 | V22: 92890.7 | AA22: BSLASA08 | AB22: 199 | AC22: 0.18256131 | AD22: 273.84196 | AG22: BSLASA08 | AH22: 199 | AI22: 0.25333333 | AJ22: 380 | AM22: BSLASA08 | AN22: 199 | AO22: 0.14644351 | AP22: 146.44351 | AS22: BSLASA08 | AT22: 199 | AU22: 0.15 | AV22: 150 | AY22: BIFISA07 | AZ22: 45 | BA22: 0.12707391 | BB22: 11803.984 | BE22: BIFISA07 | BF22: 45 | BG22: 0.12707391 | BH22: 11803.984 | BM22: CDCLSA04 | BN22: 160 | BQ22: CDCLSA04 | BR22: 120
A23: BSLASA05 | B23: 35 | C23: 30500 | F23: BSLASA05 | G23: 35 | H23: 24387.528 | J23: BSLASA05 | K23: 35 | L23: 24387.528 | O23: BIFISA03 | P23: 169 | Q23: 7708.6891 | T23: BIFISA03 | U23: 169 | V23: 7708.6891 | AA23: BSLASA05 | AB23: 35 | AC23: 0.12508934 | AD23: 3399.6454 | AG23: BSLASA05 | AH23: 35 | AI23: 0.24147886 | AJ23: 7365.1053 | AM23: BSLASA05 | AN23: 35 | AO23: 0.25054984 | AP23: 6110.2911 | AS23: BSLASA05 | AT23: 35 | AU23: 0.21051828 | AV23: 5134.0205 | AY23: BIFISA03 | AZ23: 169 | BA23: 0.14199627 | BB23: 1094.6051 | BE23: BIFISA03 | BF23: 169 | BG23: 0.14199627 | BH23: 1094.6051 | BM23: CDCLSA05 | BN23: 80 | BQ23: CDCLSA05 | BR23: 390
A24: BIFISA07 | B24: 45 | C24: 152000 | F24: BIFISA07 | G24: 45 | H24: 105568.79 | J24: BIFISA07 | K24: 45 | L24: 105568.79 | O24: BIFISA09 | P24: 135 | Q24: 19513.554 | T24: BIFISA09 | U24: 135 | V24: 19513.554 | AA24: BIFISA07 | AB24: 45 | AC24: 0.20264705 | AD24: 32381.43 | AG24: BIFISA07 | AH24: 45 | AI24: 0.17158401 | AJ24: 26080.77 | AM24: BIFISA07 | AN24: 45 | AO24: 0.15833851 | AP24: 16715.606 | AS24: BIFISA07 | AT24: 45 | AU24: 0.15858181 | AV24: 16741.291 | AY24: BIFISA09 | AZ24: 135 | BA24: 0.15246722 | BB24: 2975.1773 | BE24: BIFISA09 | BF24: 135 | BG24: 0.15246722 | BH24: 2975.1773 | BM24: CDCLSA06 | BN24: 30 | BQ24: CDCLSA06 | BR24: 30
A25: BIFISA03 | B25: 169 | C25: 9000 | F25: BIFISA03 | G25: 169 | H25: 8173.1116 | J25: BIFISA03 | K25: 169 | L25: 8173.1116 | O25: BIFISA11 | P25: 49 | Q25: 7199.7702 | T25: BIFISA11 | U25: 49 | V25: 7199.7702 | AA25: BIFISA03 | AB25: 169 | AC25: 0.19382962 | AD25: 1812.3069 | AG25: BIFISA03 | AH25: 169 | AI25: 0.23063111 | AJ25: 2075.68 | AM25: BIFISA03 | AN25: 169 | AO25: 0.18361742 | AP25: 1500.7256 | AS25: BIFISA03 | AT25: 169 | AU25: 0.19375213 | AV25: 1583.5578 | AY25: BIFISA11 | AZ25: 99 | BA25: 0.15175871 | BB25: 1092.6278 | BE25: BIFISA11 | BF25: 99 | BG25: 0.15175871 | BH25: 1092.6278 | BM25: CDSPSA23 | BN25: 336 | BQ25: CDSPSA23 | BR25: 576
A26: BIFISA09 | B26: 135 | C26: 10900 | F26: BIFISA09 | G26: 135 | H26: 14949.539 | J26: BIFISA09 | K26: 135 | L26: 14949.539 | O26: BSLASA10 | P26: 65 | Q26: 7137.241 | T26: BSLASA10 | U26: 65 | V26: 7137.241 | AA26: BIFISA09 | AB26: 135 | AC26: 0.24142725 | AD26: 2462.7993 | AG26: BIFISA09 | AH26: 135 | AI26: 0.20430427 | AJ26: 2226.9165 | AM26: BIFISA09 | AN26: 135 | AO26: 0.19436284 | AP26: 2905.6348 | AS26: BIFISA09 | AT26: 135 | AU26: 0.18703517 | AV26: 2796.0894 | AY26: BSLASA10 | AZ26: 199 | BA26: 0.24082629 | BB26: 1718.8353 | BE26: BSLASA10 | BF26: 199 | BG26: 0.24082629 | BH26: 1718.8353 | BM26: CDSPSA24 | BN26: 384 | BQ26: CDSPSA24 | BR26: 192
A27: BIFISA11 | B27: 49 | C27: 8321.6557 | F27: BIFISA11 | G27: 49 | H27: 7729.9887 | J27: BIFISA11 | K27: 49 | L27: 7729.9887 | O27: BIFISA10 | P27: 30 | Q27: 43059.573 | T27: BIFISA10 | U27: 30 | V27: 43059.573 | AA27: BIFISA11 | AB27: 99 | AC27: 0.18106582 | AD27: 1485.7488 | AG27: BIFISA11 | AH27: 99 | AI27: 0.16936857 | AJ27: 1409.427 | AM27: BIFISA11 | AN27: 99 | AO27: 0.18867456 | AP27: 1458.4523 | AS27: BIFISA11 | AT27: 99 | AU27: 0.19138987 | AV27: 1479.4415 | AY27: BIFISA10 | AZ27: 30 | BA27: 0.10025003 | BB27: 4316.7235 | BE27: BIFISA10 | BF27: 30 | BG27: 0.10025003 | BH27: 4316.7235 | BM27: CDSPSA40 | BN27: 192 | BQ27: CDSPSA40 | BR27: 384
A28: BSLASA10 | B28: 65 | C28: 12500 | F28: BSLASA10 | G28: 65 | H28: 10049.782 | J28: BSLASA10 | K28: 65 | L28: 10049.782 | O28: BISWSA05 | P28: 99 | Q28: 4585.7011 | T28: BISWSA05 | U28: 99 | V28: 4585.7011 | AA28: BSLASA10 | AB28: 199 | AC28: 0.23809896 | AD28: 3023.8568 | AG28: BSLASA10 | AH28: 199 | AI28: 0.25318823 | AJ28: 3164.8529 | AM28: BSLASA10 | AN28: 199 | AO28: 0.22903652 | AP28: 2301.767 | AS28: BSLASA10 | AT28: 199 | AU28: 0.23656763 | AV28: 2377.453 | AY28: BISWSA05 | AZ28: 49 | BA28: 0.23575337 | BB28: 1081.0945 | BE28: BISWSA05 | BF28: 49 | BG28: 0.23575337 | BH28: 1081.0945 | BM28: CDSPSA44 | BN28: 48 | BQ28: CDSPSA44 | BR28: 336
A29: BIFISA10 | B29: 30 | C29: 54500 | F29: BIFISA10 | G29: 30 | H29: 48086.526 | J29: BIFISA10 | K29: 30 | L29: 48086.526 | O29: BSFLSA03 | P29: 199 | Q29: 100 | T29: BSFLSA03 | U29: 199 | V29: 100 | AA29: BIFISA10 | AB29: 30 | AC29: 0.16608577 | AD29: 9118.1086 | AG29: BIFISA10 | AH29: 30 | AI29: 0.24565177 | AJ29: 13388.021 | AM29: BIFISA10 | AN29: 30 | AO29: 0.17017235 | AP29: 8182.9969 | AS29: BIFISA10 | AT29: 30 | AU29: 0.20649848 | AV29: 9929.7945 | AY29: BSFLSA03 | AZ29: 169 | BA29: 0.2194718 | BB29: 21.94718 | BE29: BSFLSA03 | BF29: 169 | BG29: 0.2194718 | BH29: 21.94718 | BM29: CDSPSA54 | BN29: 240 | BQ29: CDSPSA54 | BR29: 288
A30: BISWSA05 | B30: 99 | C30: 5014.0246 | F30: BISWSA05 | G30: 99 | H30: 4548.9255 | J30: BISWSA05 | K30: 99 | L30: 4548.9255 | AA30: BISWSA05 | AB30: 49 | AC30: 0.27256308 | AD30: 1099.0575 | AG30: BISWSA05 | AH30: 49 | AI30: 0.23780107 | AJ30: 1192.3404 | AM30: BISWSA05 | AN30: 49 | AO30: 0.23159007 | AP30: 1053.486 | AS30: BISWSA05 | AT30: 49 | AU30: 0.22607637 | AV30: 1028.4046 | BM30: CDTFSA01 | BN30: 1212 | BQ30: CDTFSA01 | BR30: 1368
A31: BSFLSA03 | B31: 199 | C31: 0 | F31: BSFLSA03 | G31: 199 | H31: 0 | J31: BSFLSA03 | K31: 199 | L31: 0 | O31: BIEFSA15 | P31: 49 | Q31: 52491.81 | T31: BIEFSA15 | U31: 49 | V31: 52491.81 | AA31: BSFLSA03 | AB31: 169 | AC31: 0.47368421 | AD31: 0 | AG31: BSFLSA03 | AH31: 169 | AI31: 0.25806452 | AJ31: 0 | AM31: BSFLSA03 | AN31: 169 | AO31: 0.15686275 | AP31: 0 | AS31: BSFLSA03 | AT31: 169 | AU31: 0.14814815 | AV31: 0 | AY31: BIEFSA15 | AZ31: 109 | BA31: 0.13541102 | BB31: 7107.9696 | BE31: BIEFSA15 | BF31: 109 | BG31: 0.13541102 | BH31: 7107.9696 | BM31: CHCCSA33 | BN31: 2712 | BQ31: CHCCSA33 | BR31: 2736
O32: BIEFSA01 | P32: 169 | Q32: 13706.729 | T32: BIEFSA01 | U32: 169 | V32: 13706.729 | AY32: BIEFSA01 | AZ32: 99 | BA32: 0.21666507 | BB32: 2969.7695 | BE32: BIEFSA01 | BF32: 99 | BG32: 0.21666507 | BH32: 2969.7695 | BM32: CHCCSA34 | BN32: 384 | BQ32: CHCCSA34 | BR32: 480
A33: BIEFSA15 | B33: 49 | C33: 78500 | F33: BIEFSA15 | G33: 49 | H33: 65525.572 | J33: BIEFSA15 | K33: 49 | L33: 65525.572 | O33: BIEFSA16 | P33: 229 | Q33: 9080.3583 | T33: BIEFSA16 | U33: 229 | V33: 9080.3583 | AA33: BIEFSA15 | AB33: 109 | AC33: 0.18085366 | AD33: 14747.071 | AG33: BIEFSA15 | AH33: 109 | AI33: 0.18692841 | AJ33: 14673.88 | AM33: BIEFSA15 | AN33: 109 | AO33: 0.15726595 | AP33: 10304.942 | AS33: BIEFSA15 | AT33: 109 | AU33: 0.19249759 | AV33: 12613.515 | AY33: BIEFSA16 | AZ33: 99 | BA33: 0.14324089 | BB33: 1300.6786 | BE33: BIEFSA16 | BF33: 99 | BG33: 0.14324089 | BH33: 1300.6786 | BM33: CHCCSA35 | BN33: 3096 | BQ33: CHCCSA35 | BR33: 4536
A34: BIEFSA01 | B34: 169 | C34: 20500 | F34: BIEFSA01 | G34: 169 | H34: 17347.345 | J34: BIEFSA01 | K34: 169 | L34: 17347.345 | O34: CDCLSA05 | P34: 109 | Q34: 2551.4118 | T34: CDCLSA05 | U34: 109 | V34: 2551.4118 | AA34: BIEFSA01 | AB34: 99 | AC34: 0.21393002 | AD34: 4406.0767 | AG34: BIEFSA01 | AH34: 99 | AI34: 0.19859527 | AJ34: 4071.203 | AM34: BIEFSA01 | AN34: 99 | AO34: 0.19106985 | AP34: 3314.5548 | AS34: BIEFSA01 | AT34: 99 | AU34: 0.15477085 | AV34: 2684.8634 | AY34: CDCLSA05 | AZ34: 109 | BA34: 0.18322212 | BB34: 467.47508 | BE34: CDCLSA05 | BF34: 109 | BG34: 0.18322212 | BH34: 467.47508 | BM34: CHCCSA48 | BN34: 5280 | BQ34: CHCCSA48 | BR34: 4320
A35: BIEFSA16 | B35: 229 | C35: 12100 | F35: BIEFSA16 | G35: 229 | H35: 10353.354 | J35: BIEFSA16 | K35: 229 | L35: 10353.354 | O35: CDCLSA01 | P35: 109 | Q35: 3432.7444 | T35: CDCLSA01 | U35: 109 | V35: 3432.7444 | AA35: BIEFSA16 | AB35: 99 | AC35: 0.24276689 | AD35: 3353.8246 | AG35: BIEFSA16 | AH35: 99 | AI35: 0.26590462 | AJ35: 3217.4459 | AM35: BIEFSA16 | AN35: 99 | AO35: 0.21410915 | AP35: 2216.7478 | AS35: BIEFSA16 | AT35: 99 | AU35: 0.20098354 | AV35: 2080.8537 | AY35: CDCLSA01 | AZ35: 99 | BA35: 0.18123374 | BB35: 622.12909 | BE35: CDCLSA01 | BF35: 99 | BG35: 0.18123374 | BH35: 622.12909 | BM35: CHCCSA49 | BN35: 2700 | BQ35: CHCCSA49 | BR35: 2160
A36: CDCLSA05 | B36: 109 | C36: 2600 | F36: CDCLSA05 | G36: 109 | H36: 2025.0131 | J36: CDCLSA05 | K36: 109 | L36: 2025.0131 | O36: CDCLSA02 | P36: 99 | Q36: 0 | T36: CDCLSA02 | U36: 99 | V36: 0 | AA36: CDCLSA05 | AB36: 109 | AC36: 0.20541347 | AD36: 415.3487 | AG36: CDCLSA05 | AH36: 109 | AI36: 0.22083069 | AJ36: 574.15981 | AM36: CDCLSA05 | AN36: 109 | AO36: 0.22499898 | AP36: 455.62587 | AS36: CDCLSA05 | AT36: 109 | AU36: 0.21477329 | AV36: 434.91871 | AY36: CDCLSA02 | AZ36: 99 | BA36: 0 | BB36: 0 | BE36: CDCLSA02 | BF36: 99 | BG36: 0 | BH36: 0 | BM36: CHCCSA50 | BN36: 270 | BQ36: CHCCSA50 | BR36: 1260
A37: CDCLSA01 | B37: 109 | C37: 3531.7173 | F37: CDCLSA01 | G37: 109 | H37: 2769.4815 | J37: CDCLSA01 | K37: 109 | L37: 2769.4815 | O37: CDCLSA03 | P37: 99 | Q37: - | T37: CDCLSA03 | U37: 99 | V37: - | AA37: CDCLSA01 | AB37: 99 | AC37: 0.20760373 | AD37: 630.61494 | AG37: CDCLSA01 | AH37: 99 | AI37: 0.21985751 | AJ37: 776.47458 | AM37: CDCLSA01 | AN37: 99 | AO37: 0.18615249 | AP37: 515.54587 | AS37: CDCLSA01 | AT37: 99 | AU37: 0.22014723 | AV37: 609.69368 | AY37: CDCLSA03 | AZ37: 99 | BA37: 0 | BB37: 0 | BE37: CDCLSA03 | BF37: 99 | BG37: 0 | BH37: 0 | BM37: CHCCSSA01 | BN37: 1780 | BQ37: CHCCSSA01 | BR37: 3520
A38: CDCLSA02 | B38: 99 | C38: 0 | F38: CDCLSA02 | G38: 99 | H38: 0 | J38: CDCLSA02 | K38: 99 | L38: 0 | O38: CDCLSA04 | P38: 109 | Q38: 2385.7289 | T38: CDCLSA04 | U38: 109 | V38: 2385.7289 | AA38: CDCLSA02 | AB38: 99 | AC38: #N/A | AD38: #N/A | AG38: CDCLSA02 | AH38: 99 | AI38: 0 | AJ38: #N/A | AM38: CDCLSA02 | AN38: 99 | AO38: 0 | AP38: #N/A | AS38: CDCLSA02 | AT38: 99 | AU38: 0 | AV38: #N/A | AY38: CDCLSA04 | AZ38: 109 | BA38: 0.21093118 | BB38: 503.22463 | BE38: CDCLSA04 | BF38: 109 | BG38: 0.21093118 | BH38: 503.22463 | BM38: CHCOSA01 | BN38: 80 | BQ38: CHCOSA01 | BR38: 280
A39: CDCLSA03 | B39: 99 | C39: - | F39: CDCLSA03 | G39: 99 | H39: - | J39: CDCLSA03 | K39: 99 | L39: - | O39: CDCLSA06 | P39: 99 | Q39: 0 | T39: CDCLSA06 | U39: 99 | V39: 0 | AA39: CDCLSA03 | AB39: 99 | AC39: #N/A | AD39: 0 | AG39: CDCLSA03 | AH39: 99 | AI39: 0 | AJ39: 0 | AM39: CDCLSA03 | AN39: 99 | AO39: 0 | AP39: 0 | AS39: CDCLSA03 | AT39: 99 | AU39: 0 | AV39: 0 | AY39: CDCLSA06 | AZ39: 115 | BA39: 0.28888889 | BB39: 0 | BE39: CDCLSA06 | BF39: 115 | BG39: 0.28888889 | BH39: 0 | BM39: CHCOSA06 | BN39: 1536 | BQ39: CHCOSA06 | BR39: 3200
A40: CDCLSA04 | B40: 109 | C40: 3142.7206 | F40: CDCLSA04 | G40: 109 | H40: 2620.574 | J40: CDCLSA04 | K40: 109 | L40: 2620.574 | O40: CDCLSA07 | P40: 99 | Q40: 0 | T40: CDCLSA07 | U40: 99 | V40: 0 | AA40: CDCLSA04 | AB40: 109 | AC40: 0.21325015 | AD40: 578.1526 | AG40: CDCLSA04 | AH40: 109 | AI40: 0.22423011 | AJ40: 704.69258 | AM40: CDCLSA04 | AN40: 109 | AO40: 0.22148685 | AP40: 580.42267 | AS40: CDCLSA04 | AT40: 109 | AU40: 0.24616863 | AV40: 645.10312 | AY40: CDCLSA07 | AZ40: 199 | BA40: 0 | BB40: 0 | BE40: CDCLSA07 | BF40: 199 | BG40: 0 | BH40: 0 | BM40: CHCSSA02 | BN40: 180 | BQ40: CHCSSA02 | BR40: 960
A41: CDCLSA06 | B41: 99 | C41: 0 | F41: CDCLSA06 | G41: 99 | H41: 0 | J41: CDCLSA06 | K41: 99 | L41: 0 | O41: CDCLSA08 | P41: 99 | Q41: - | T41: CDCLSA08 | U41: 99 | V41: - | AA41: CDCLSA06 | AB41: 115 | AC41: 0.43137255 | AD41: 0 | AG41: CDCLSA06 | AH41: 115 | AI41: 0.33333333 | AJ41: 0 | AM41: CDCLSA06 | AN41: 115 | AO41: 0.43333333 | AP41: 0 | AS41: CDCLSA06 | AT41: 115 | AU41: 0.49056604 | AV41: 0 | AY41: CDCLSA08 | AZ41: 229 | BA41: 0.34285714 | BB41: 0 | BE41: CDCLSA08 | BF41: 229 | BG41: 0.34285714 | BH41: 0 | BM41: CHCSSA03 | BN41: 180 | BQ41: CHCSSA03 | BR41: 720
A42: CDCLSA07 | B42: 99 | C42: 0 | F42: CDCLSA07 | G42: 99 | H42: 0 | J42: CDCLSA07 | K42: 99 | L42: 0 | AA42: CDCLSA07 | AB42: 199 | AC42: #N/A | AD42: #N/A | AG42: CDCLSA07 | AH42: 199 | AI42: 0 | AJ42: #N/A | AM42: CDCLSA07 | AN42: 199 | AO42: 0 | AP42: #N/A | AS42: CDCLSA07 | AT42: 199 | AU42: 0 | AV42: #N/A | BM42: CHCSSA04 | BN42: 20 | BQ42: CHCSSA04 | BR42: 500
A43: CDCLSA08 | B43: 99 | C43: - | F43: CDCLSA08 | G43: 99 | H43: - | J43: CDCLSA08 | K43: 99 | L43: - | O43: CDSPSA23 | P43: 115 | Q43: 5465.1596 | T43: CDSPSA23 | U43: 115 | V43: 5465.1596 | AA43: CDCLSA08 | AB43: 229 | AC43: 0.34482759 | AD43: 0 | AG43: CDCLSA08 | AH43: 229 | AI43: 0.1875 | AJ43: 0 | AM43: CDCLSA08 | AN43: 229 | AO43: 0.42857143 | AP43: 0 | AS43: CDCLSA08 | AT43: 229 | AU43: 0.35714286 | AV43: 0 | AY43: CDSPSA23 | AZ43: 199 | BA43: 0.14599266 | BB43: 797.8732 | BE43: CDSPSA23 | BF43: 199 | BG43: 0.14599266 | BH43: 797.8732 | BM43: CHCSSA05 | BN43: 20 | BQ43: CHCSSA05 | BR43: 360
O44: CDSPSA40 | P44: 199 | Q44: 4387.5057 | T44: CDSPSA40 | U44: 199 | V44: 4387.5057 | AY44: CDSPSA40 | AZ44: 169 | BA44: 0.14482008 | BB44: 635.39895 | BE44: CDSPSA40 | BF44: 169 | BG44: 0.14482008 | BH44: 635.39895 | BM44: COBCSA01 | BN44: 1656 | BQ44: COBCSA01 | BR44: 432
A45: CDSPSA23 | B45: 115 | C45: 10325.675 | F45: CDSPSA23 | G45: 115 | H45: 8247.2318 | J45: CDSPSA23 | K45: 115 | L45: 8247.2318 | O45: CDSPSA54 | P45: 229 | Q45: 0 | T45: CDSPSA54 | U45: 229 | V45: 0 | AA45: CDSPSA23 | AB45: 199 | AC45: 0.17842567 | AD45: 1477.0509 | AG45: CDSPSA23 | AH45: 199 | AI45: 0.17856105 | AJ45: 1843.7633 | AM45: CDSPSA23 | AN45: 199 | AO45: 0.19809099 | AP45: 1633.7023 | AS45: CDSPSA23 | AT45: 199 | AU45: 0.17269531 | AV45: 1424.2582 | AY45: CDSPSA54 | AZ45: 45 | BA45: 0.59051627 | BB45: 0 | BE45: CDSPSA54 | BF45: 45 | BG45: 0.59051627 | BH45: 0 | BM45: COBCSA02 | BN45: 1080 | BQ45: COBCSA02 | BR45: 216
A46: CDSPSA40 | B46: 199 | C46: 5850 | F46: CDSPSA40 | G46: 199 | H46: 3476.1163 | J46: CDSPSA40 | K46: 199 | L46: 3476.1163 | O46: CDSPSA24 | P46: 130 | Q46: 3392.5836 | T46: CDSPSA24 | U46: 130 | V46: 3392.5836 | AA46: CDSPSA40 | AB46: 169 | AC46: 0.20708343 | AD46: 1122.5993 | AG46: CDSPSA40 | AH46: 169 | AI46: 0.21629229 | AJ46: 1265.3099 | AM46: CDSPSA40 | AN46: 169 | AO46: 0.19539029 | AP46: 679.19938 | AS46: CDSPSA40 | AT46: 169 | AU46: 0.17007655 | AV46: 591.20587 | AY46: CDSPSA24 | AZ46: 130 | BA46: 0.16744559 | BB46: 568.07318 | BE46: CDSPSA24 | BF46: 130 | BG46: 0.16744559 | BH46: 568.07318 | BM46: CPVSA02 | BN46: 180 | BQ46: CPVSA01 | BR46: 360
A47: CDSPSA54 | B47: 229 | C47: 0 | F47: CDSPSA54 | G47: 229 | H47: 0 | J47: CDSPSA54 | K47: 229 | L47: 0 | O47: CDSPSA44 | P47: 199 | Q47: 1444.1788 | T47: CDSPSA44 | U47: 199 | V47: 1444.1788 | AA47: CDSPSA54 | AB47: 45 | AC47: 0.2345962 | AD47: 0 | AG47: CDSPSA54 | AH47: 45 | AI47: 0.23076923 | AJ47: 0 | AM47: CDSPSA54 | AN47: 45 | AO47: 0.24050633 | AP47: 0 | AS47: CDSPSA54 | AT47: 45 | AU47: 0.19658432 | AV47: 0 | AY47: CDSPSA44 | AZ47: 249 | BA47: 0.14862027 | BB47: 214.63424 | BE47: CDSPSA44 | BF47: 249 | BG47: 0.14862027 | BH47: 214.63424 | BM47: ITCBSA01 | BN47: 96 | BQ47: CPVSA02 | BR47: 252
A48: CDSPSA24 | B48: 130 | C48: 4200 | F48: CDSPSA24 | G48: 130 | H48: 3426.9507 | J48: CDSPSA24 | K48: 130 | L48: 3426.9507 | O48: CDTFSA01 | P48: 45 | Q48: 8466.2796 | T48: CDTFSA01 | U48: 45 | V48: 8466.2796 | AA48: CDSPSA24 | AB48: 130 | AC48: 0.17821498 | AD48: 644.44156 | AG48: CDSPSA24 | AH48: 130 | AI48: 0.21455549 | AJ48: 901.13306 | AM48: CDSPSA24 | AN48: 130 | AO48: 0.25037602 | AP48: 858.0263 | AS48: CDSPSA24 | AT48: 130 | AU48: 0.17252942 | AV48: 591.24983 | AY48: CDTFSA01 | AZ48: 199 | BA48: 0.13053353 | BB48: 1105.1333 | BE48: CDTFSA01 | BF48: 199 | BG48: 0.13053353 | BH48: 1105.1333 | BM48: PMCPSA01 | BN48: 144 | BQ48: ITCBSA01 | BR48: 96
A49: CDSPSA44 | B49: 199 | C49: 1200 | F49: CDSPSA44 | G49: 199 | H49: 1374.0665 | J49: CDSPSA44 | K49: 199 | L49: 1374.0665 | AA49: CDSPSA44 | AB49: 249 | AC49: 0.1859606 | AD49: 237.16039 | AG49: CDSPSA44 | AH49: 249 | AI49: 0.19176112 | AJ49: 230.11334 | AM49: CDSPSA44 | AN49: 249 | AO49: 0.16521262 | AP49: 227.01313 | AS49: CDSPSA44 | AT49: 249 | AU49: 0.17398783 | AV49: 239.07085 | BM49: PMPPSA01 | BN49: 144 | BQ49: SAHC02 | BR49: 544
A50: CDTFSA01 | B50: 45 | C50: 12419.334 | F50: CDTFSA01 | G50: 45 | H50: 13400 | J50: CDTFSA01 | K50: 45 | L50: 13400 | O50: BICPSA02 | P50: 249 | Q50: 4046.788 | T50: BICPSA02 | U50: 249 | V50: 4046.788 | AA50: CDTFSA01 | AB50: 199 | AC50: 0.20053808 | AD50: 2682.2572 | AG50: CDTFSA01 | AH50: 199 | AI50: 0.18067409 | AJ50: 2243.8519 | AM50: CDTFSA01 | AN50: 199 | AO50: 0.17277585 | AP50: 2315.1964 | AS50: CDTFSA01 | AT50: 199 | AU50: 0.1929364 | AV50: 2585.3478 | AY50: BICPSA02 | AZ50: 249 | BA50: 0.15344927 | BB50: 620.97667 | BE50: BICPSA02 | BF50: 249 | BG50: 0.15344927 | BH50: 620.97667 | BM50: SAHC01 | BN50: 64 | BQ50: SAMM01 | BR50: 3780
O51: BICPSA01 | P51: 249 | Q51: 2423.3511 | T51: BICPSA01 | U51: 249 | V51: 2423.3511 | AY51: BICPSA01 | AZ51: 249 | BA51: 0.12932092 | BB51: 313.38999 | BE51: BICPSA01 | BF51: 249 | BG51: 0.12932092 | BH51: 313.38999 | BM51: SAHC02 | BN51: 128
A52: BICPSA02 | B52: 249 | C52: 6350 | F52: BICPSA02 | G52: 249 | H52: 4729.6419 | J52: BICPSA02 | K52: 249 | L52: 4729.6419 | O52: BICCPSA01 | P52: 199 | Q52: 711.76237 | T52: BICCPSA01 | U52: 199 | V52: 711.76237 | AA52: BICPSA02 | AB52: 249 | AC52: 0.19141841 | AD52: 754.32013 | AG52: BICPSA02 | AH52: 249 | AI52: 0.23722898 | AJ52: 1506.404 | AM52: BICPSA02 | AN52: 249 | AO52: 0.21084617 | AP52: 997.22688 | AS52: BICPSA02 | AT52: 249 | AU52: 0.22311081 | AV52: 1055.2342 | AY52: BICCPSA01 | AZ52: 199 | BA52: 0.16790719 | BB52: 119.51002 | BE52: BICCPSA01 | BF52: 199 | BG52: 0.16790719 | BH52: 119.51002 | BM52: SAMM01 | BN52: 1260
A53: BICPSA01 | B53: 249 | C53: 4250 | F53: BICPSA01 | G53: 249 | H53: 4573.2707 | J53: BICPSA01 | K53: 249 | L53: 4573.2707 | O53: BIBMSA01 | P53: 199 | Q53: 2173.7624 | T53: BIBMSA01 | U53: 199 | V53: 2173.7624 | AA53: BICPSA01 | AB53: 249 | AC53: 0.20416376 | AD53: 793.39811 | AG53: BICPSA01 | AH53: 249 | AI53: 0.2360885 | AJ53: 1003.3761 | AM53: BICPSA01 | AN53: 249 | AO53: 0.19842379 | AP53: 907.44569 | AS53: BICPSA01 | AT53: 249 | AU53: 0.18221722 | AV53: 833.32866 | AY53: BIBMSA01 | AZ53: 199 | BA53: 0.21205695 | BB53: 460.96143 | BE53: BIBMSA01 | BF53: 199 | BG53: 0.21205695 | BH53: 460.96143 | BM53: SARKS01 | BN53: 100
A54: BICCPSA01 | B54: 199 | C54: 1500 | F54: BICCPSA01 | G54: 199 | H54: 1752.1473 | J54: BICCPSA01 | K54: 199 | L54: 1752.1473 | O54: BIMCSA01 | P54: 49 | Q54: 4550.5861 | T54: BIMCSA01 | U54: 49 | V54: 4550.5861 | AA54: BICCPSA01 | AB54: 199 | AC54: 0.21160898 | AD54: 177.75155 | AG54: BICCPSA01 | AH54: 199 | AI54: 0.2440228 | AJ54: 366.0342 | AM54: BICCPSA01 | AN54: 199 | AO54: 0.22712045 | AP54: 397.94848 | AS54: BICCPSA01 | AT54: 199 | AU54: 0.19293559 | AV54: 338.05157 | AY54: BIMCSA01 | AZ54: 49 | BA54: 0.28123912 | BB54: 1279.8028 | BE54: BIMCSA01 | BF54: 49 | BG54: 0.28123912 | BH54: 1279.8028 | BM54: SCPSSA03 | BN54: 96
A55: BIBMSA01 | B55: 199 | C55: 1600 | F55: BIBMSA01 | G55: 199 | H55: 845.21466 | J55: BIBMSA01 | K55: 199 | L55: 845.21466 | AA55: BIBMSA01 | AB55: 199 | AC55: 0.18563517 | AD55: 321.14884 | AG55: BIBMSA01 | AH55: 199 | AI55: 0.15242115 | AJ55: 243.87383 | AM55: BIBMSA01 | AN55: 199 | AO55: 0.13270746 | AP55: 112.16629 | AS55: BIBMSA01 | AT55: 199 | AU55: 0.18619529 | AV55: 157.37499 | BM55: Grand Total | BN55: 46332
A56: BIMCSA01 | B56: 49 | C56: 5100 | F56: BIMCSA01 | G56: 49 | H56: 3822.2074 | J56: BIMCSA01 | K56: 49 | L56: 3822.2074 | O56: SAMM01 | P56: 69 | Q56: 35768.728 | T56: SAMM01 | U56: 69 | V56: 35768.728 | AA56: BIMCSA01 | AB56: 49 | AC56: 0.24901408 | AD56: 1388.7062 | AG56: BIMCSA01 | AH56: 49 | AI56: 0.28158007 | AJ56: 1436.0583 | AM56: BIMCSA01 | AN56: 49 | AO56: 0.25117468 | AP56: 960.04175 | AS56: BIMCSA01 | AT56: 49 | AU56: 0.25832037 | AV56: 987.35403 | AY56: SAMM01 | AZ56: 69 | BA56: 0.16022252 | BB56: 5730.9557 | BE56: SAMM01 | BF56: 69 | BG56: 0.16022252 | BH56: 5730.9557
O57: SAFLVM01 | P57: 99 | Q57: - | T57: SAFLVM01 | U57: 99 | V57: - | AY57: SAFLVM01 | AZ57: 99 | BA57: 0 | BB57: - | BE57: SAFLVM01 | BF57: 99 | BG57: 0 | BH57: -
A58: SAMM01 | B58: 69 | C58: 50226.158 | F58: SAMM01 | G58: 69 | H58: 34503.871 | J58: SAMM01 | K58: 69 | L58: 34503.871 | AA58: SAMM01 | AB58: 69 | AC58: 0.22448121 | AD58: 11034.928 | AG58: SAMM01 | AH58: 69 | AI58: 0.25761333 | AJ58: 12938.928 | AM58: SAMM01 | AN58: 69 | AO58: 0.22611158 | AP58: 7801.7248 | AS58: SAMM01 | AT58: 69 | AU58: 0.2085713 | AV58: 7196.5172
A59: SAFLVM01 | B59: 99 | C59: - | F59: SAFLVM01 | G59: 99 | H59: - | J59: SAFLVM01 | K59: 99 | L59: - | O59: PMPPSA01 | P59: 99 | Q59: 601.0101 | T59: PMPPSA01 | U59: 99 | V59: 601.0101 | AA59: SAFLVM01 | AB59: 99 | AC59: #N/A | AD59: - | AG59: SAFLVM01 | AH59: 99 | AI59: 0 | AJ59: - | AM59: SAFLVM01 | AN59: 99 | AO59: 0 | AP59: - | AS59: SAFLVM01 | AT59: 99 | AU59: 0 | AV59: - | AY59: PMPPSA01 | AZ59: 99 | BA59: 0.121673 | BB59: 73.126704 | BE59: PMPPSA01 | BF59: 99 | BG59: 0.121673 | BH59: 73.126704
O60: PMCPSA01 | P60: 99 | Q60: 702.0202 | T60: PMCPSA01 | U60: 99 | V60: 702.0202 | AY60: PMCPSA01 | AZ60: 99 | BA60: 0.1912895 | BB60: 134.28909 | BE60: PMCPSA01 | BF60: 99 | BG60: 0.1912895 | BH60: 134.28909
A61: PMPPSA01 | B61: 99 | C61: 0 | F61: PMPPSA01 | G61: 99 | H61: 0 | J61: PMPPSA01 | K61: 99 | L61: 0 | O61: COBCSA02 | P61: 56 | Q61: 37959.673 | T61: COBCSA02 | U61: 56 | V61: 37959.673 | AA61: PMPPSA01 | AB61: 99 | AC61: 0.22261149 | AD61: 0 | AG61: PMPPSA01 | AH61: 99 | AI61: 0.033663366 | AJ61: 0 | AM61: PMPPSA01 | AN61: 99 | AO61: 0.072283389 | AP61: 0 | AS61: PMPPSA01 | AT61: 99 | AU61: 0.058257919 | AV61: 0 | AY61: COBCSA02 | AZ61: 59 | BA61: 0.17580705 | BB61: 6673.5781 | BE61: COBCSA02 | BF61: 59 | BG61: 0.17580705 | BH61: 6673.5781
A62: PMCPSA01 | B62: 99 | C62: 0 | F62: PMCPSA01 | G62: 99 | H62: 0 | J62: PMCPSA01 | K62: 99 | L62: 0 | AA62: PMCPSA01 | AB62: 99 | AC62: 0.03594184 | AD62: 0 | AG62: PMCPSA01 | AH62: 99 | AI62: 0.10671256 | AJ62: 0 | AM62: PMCPSA01 | AN62: 99 | AO62: 0.14869888 | AP62: 0 | AS62: PMCPSA01 | AT62: 99 | AU62: 0.11073137 | AV62: 0
A63: COBCSA02 | B63: 49 | C63: 20700 | F63: COBCSA02 | G63: 49 | H63: 14900 | J63: COBCSA02 | K63: 49 | L63: 14900 | O63: CPVSA02 | P63: 45 | Q63: 5255.041 | T63: CPVSA02 | U63: 45 | V63: 5255.041 | AA63: COBCSA02 | AB63: 59 | AC63: 0.29874989 | AD63: 6184.1228 | AG63: COBCSA02 | AH63: 59 | AI63: 0.17205562 | AJ63: 3561.5513 | AM63: COBCSA02 | AN63: 59 | AO63: 0.24465929 | AP63: 3645.4234 | AS63: COBCSA02 | AT63: 59 | AU63: 0.44963145 | AV63: 6699.5086 | AY63: CPVSA02 | AZ63: 45 | BA63: 0.08208663 | BB63: 431.3686 | BE63: CPVSA02 | BF63: 45 | BG63: 0.08208663 | BH63: 431.3686
A65: CPVSA02 | B65: 45 | C65: 0 | F65: CPVSA02 | G65: 45 | H65: 0 | J65: CPVSA02 | K65: 45 | L65: 0 | O65: SARKS01 | P65: 299 | Q65: 425.93626 | AA65: CPVSA02 | AB65: 45 | AC65: 0.035160537 | AD65: 0 | AG65: CPVSA02 | AH65: 45 | AI65: 0.21555769 | AJ65: 0 | AM65: CPVSA02 | AN65: 45 | AO65: 0.18003946 | AP65: 0 | AS65: CPVSA02 | AT65: 45 | AU65: 0.1575417 | AV65: 0 | AY65: SARKS01 | AZ65: 299 | BA65: 0.13457557 | BB65: 57.320615 | BE65: SARKS01
A67: SARKS01 | B67: 299 | C67: 0 | F67: SARKS01 | G67: 299 | H67: 600 | J67: SARKS01 | K67: 299 | L67: 600 | AA67: SARKS01 | AB67: 299 | AC67: 0.081055843 | AD67: 0 | AG67: SARKS01 | AH67: 299 | AI67: 0.17986973 | AJ67: 0 | AM67: SARKS01 | AN67: 299 | AO67: 0.21591417 | AP67: 129.5485 | AS67: SARKS01 | AT67: 299 | AU67: 0.19 | AV67: 114
A69: SAHAS01 | B69: 129 | C69: 1000 | F69: SAHAS01 | G69: 129 | H69: 1200 | J69: SAHAS01 | K69: 129 | L69: 1200 | AA69: SAHAS01 | AB69: 129 | AC69: 0.1 | AD69: 0 | AG69: SAHAS01 | AH69: 129 | AI69: 0.1 | AJ69: 100 | AM69: SAHAS01 | AN69: 129 | AO69: 0.1 | AP69: 120 | AS69: SAHAS01 | AT69: 129 | AU69: 1 | AV69: 1200
A70: SAHAS02 | B70: 225 | C70: 1000 | F70: SAHAS02 | G70: 225 | H70: 700 | J70: SAHAS02 | K70: 225 | L70: 700 | AA70: SAHAS02 | AB70: 225 | AC70: 0.1 | AD70: 0 | AG70: SAHAS02 | AH70: 225 | AI70: 0.1 | AJ70: 100 | AM70: SAHAS02 | AN70: 225 | AO70: 0.1 | AP70: 70 | AS70: SAHAS02 | AT70: 225 | AU70: 1 | AV70: 700
A71: CHCCSA52 | B71: 699 | C71: 0 | F71: CHCCSA52 | G71: 699 | H71: 50 | J71: CHCCSA52 | K71: 699 | L71: 50 | AA71: CHCCSA52 | AB71: 699 | AC71: 1 | AD71: 0 | AG71: CHCCSA52 | AH71: 699 | AI71: 1 | AJ71: 0 | AM71: CHCCSA52 | AN71: 699 | AO71: 1 | AP71: 50 | AS71: CHCCSA52 | AT71: 699 | AU71: 1 | AV71: 50
A72: CHCCSA53 | B72: 799 | C72: 0 | F72: CHCCSA53 | G72: 799 | H72: 50 | J72: CHCCSA53 | K72: 799 | L72: 50 | AA72: CHCCSA53 | AB72: 799 | AC72: 1 | AD72: 0 | AG72: CHCCSA53 | AH72: 799 | AI72: 1 | AJ72: 0 | AM72: CHCCSA53 | AN72: 799 | AO72: 1 | AP72: 50 | AS72: CHCCSA53 | AT72: 799 | AU72: 1 | AV72: 50
A73: BISWSA06 | B73: 199 | C73: 500 | F73: BISWSA06 | G73: 199 | H73: 400 | J73: BISWSA06 | K73: 199 | L73: 400 | AA73: BISWSA06 | AB73: 199 | AC73: 0.1 | AD73: 0 | AG73: BISWSA06 | AH73: 199 | AI73: 0.1 | AJ73: 50 | AM73: BISWSA06 | AN73: 199 | AO73: 0.1 | AP73: 40 | AS73: BISWSA06 | AT73: 199 | AU73: 1 | AV73: 400
A74: CHCOSA07 | B74: 699 | C74: 0 | F74: CHCOSA07 | G74: 699 | H74: 50 | J74: CHCOSA07 | K74: 699 | L74: 50 | AA74: CHCOSA07 | AB74: 699 | AC74: 1 | AD74: 0 | AG74: CHCOSA07 | AH74: 699 | AI74: 1 | AJ74: 0 | AM74: CHCOSA07 | AN74: 699 | AO74: 1 | AP74: 50 | AS74: CHCOSA07 | AT74: 699 | AU74: 1 | AV74: 50
A75: SANYF01 | B75: 199 | C75: 200 | AA75: SANYF01 | AB75: 199 | AC75: 0.1 | AD75: 0 | AG75: SANYF01 | AH75: 199 | AI75: 0.1 | AJ75: 20

Sheet Overall DP
B1: SKU Code | C1: 46113 | D1: 46143 | E1: 46174 | F1: 46204 | G1: 46235 | H1: 46266
A2: Product | C2: TOTAL (in pcs) | D2: TOTAL (in pcs) | E2: TOTAL (in pcs) | F2: TOTAL (in pcs) | G2: TOTAL (in pcs) | H2: TOTAL (in pcs)
A3: Compound Chocolate & Cocoa
A4: The Select Aisle Dark Compound Chocolate Chips - 150g | B4: CHCCSA35 | C4: =IFERROR(VLOOKUP(B4,Sheet8!$T$2:$V$63,3,FALSE),"-") -> 28939.969 | D4: =IFERROR(VLOOKUP(B4,Sheet8!$O$2:$Q$65,3,FALSE),"-") -> 28939.969 | E4: =IFERROR(VLOOKUP(B4,Sheet8!$J$2:$L$74,3,FALSE),"-") -> 27536.266 | F4: =VLOOKUP(B4,Sheet8!$F$2:$H$74,3,FALSE) -> 27536.266 | G4: =VLOOKUP(B4,Sheet8!$A$2:$C$75,3,FALSE) -> 40822.518 | H4: 37773.312
A5: TSA Dark Compound Chocolate Chips 50g | B5: CHCCSA48 | C5: =IFERROR(VLOOKUP(B5,Sheet8!$T$2:$V$63,3,FALSE),"-") -> 29837.181 | D5: =IFERROR(VLOOKUP(B5,Sheet8!$O$2:$Q$65,3,FALSE),"-") -> 29837.181 | E5: =IFERROR(VLOOKUP(B5,Sheet8!$J$2:$L$74,3,FALSE),"-") -> 63317.707 | F5: =VLOOKUP(B5,Sheet8!$F$2:$H$74,3,FALSE) -> 63317.707 | G5: =VLOOKUP(B5,Sheet8!$A$2:$C$75,3,FALSE) -> 71000 | H5: 75039.091
A6: The Select Aisle's Dark Chocolate Chips - 250g | B6: CHCCSA47 | C6: =IFERROR(VLOOKUP(B6,Sheet8!$T$2:$V$63,3,FALSE),"-") -> 0 | D6: =IFERROR(VLOOKUP(B6,Sheet8!$O$2:$Q$65,3,FALSE),"-") -> 0 | E6: =IFERROR(VLOOKUP(B6,Sheet8!$J$2:$L$74,3,FALSE),"-") -> 0 | F6: =VLOOKUP(B6,Sheet8!$F$2:$H$74,3,FALSE) -> 0 | G6: =VLOOKUP(B6,Sheet8!$A$2:$C$75,3,FALSE) -> 0 | H6: 0
A7: The Select Aisle Milk Compound Chocolate Chips - 150g | B7: CHCCSA33 | C7: =IFERROR(VLOOKUP(B7,Sheet8!$T$2:$V$63,3,FALSE),"-") -> 21438.581 | D7: =IFERROR(VLOOKUP(B7,Sheet8!$O$2:$Q$65,3,FALSE),"-") -> 21438.581 | E7: =IFERROR(VLOOKUP(B7,Sheet8!$J$2:$L$74,3,FALSE),"-") -> 19939.216 | F7: =VLOOKUP(B7,Sheet8!$F$2:$H$74,3,FALSE) -> 19939.216 | G7: =VLOOKUP(B7,Sheet8!$A$2:$C$75,3,FALSE) -> 26710.444 | H7: 25089.125
A8: TSA Milk Compound Chocolate Chips 50g | B8: CHCCSA49 | C8: =IFERROR(VLOOKUP(B8,Sheet8!$T$2:$V$63,3,FALSE),"-") -> 35172.582 | D8: =IFERROR(VLOOKUP(B8,Sheet8!$O$2:$Q$65,3,FALSE),"-") -> 35172.582 | E8: =IFERROR(VLOOKUP(B8,Sheet8!$J$2:$L$74,3,FALSE),"-") -> 27794.05 | F8: =VLOOKUP(B8,Sheet8!$F$2:$H$74,3,FALSE) -> 27794.05 | G8: =VLOOKUP(B8,Sheet8!$A$2:$C$75,3,FALSE) -> 27500 | H8: 29615.909
A9: The Select Aisle White Compound Chocolate Chips | B9: CHCCSA34 | C9: =IFERROR(VLOOKUP(B9,Sheet8!$T$2:$V$63,3,FALSE),"-") -> 4534.7938 | D9: =IFERROR(VLOOKUP(B9,Sheet8!$O$2:$Q$65,3,FALSE),"-") -> 4534.7938 | E9: =IFERROR(VLOOKUP(B9,Sheet8!$J$2:$L$74,3,FALSE),"-") -> 5484.5053 | F9: =VLOOKUP(B9,Sheet8!$F$2:$H$74,3,FALSE) -> 5484.5053 | G9: =VLOOKUP(B9,Sheet8!$A$2:$C$75,3,FALSE) -> 8300 | H9: 6692
A10: The Select Aisle Twin Chocolate Chips 50g | B10: CHCCSA50 | C10: =IFERROR(VLOOKUP(B10,Sheet8!$T$2:$V$63,3,FALSE),"-") -> 775 | D10: =IFERROR(VLOOKUP(B10,Sheet8!$O$2:$Q$65,3,FALSE),"-") -> 775 | E10: =IFERROR(VLOOKUP(B10,Sheet8!$J$2:$L$74,3,FALSE),"-") -> 5004.7972 | F10: =VLOOKUP(B10,Sheet8!$F$2:$H$74,3,FALSE) -> 5004.7972 | G10: =VLOOKUP(B10,Sheet8!$A$2:$C$75,3,FALSE) -> 3800 | H10: 4000
A11: The Select Aisle Dark Compound Chocolate Slab 500g | B11: CHCCSSA01 | C11: =IFERROR(VLOOKUP(B11,Sheet8!$T$2:$V$63,3,FALSE),"-") -> 27295.806 | D11: =IFERROR(VLOOKUP(B11,Sheet8!$O$2:$Q$65,3,FALSE),"-") -> 27295.806 | E11: =IFERROR(VLOOKUP(B11,Sheet8!$J$2:$L$74,3,FALSE),"-") -> 33641.92 | F11: =VLOOKUP(B11,Sheet8!$F$2:$H$74,3,FALSE) -> 33641.92 | G11: =VLOOKUP(B11,Sheet8!$A$2:$C$75,3,FALSE) -> 41160.703 | H11: 40596.875
A12: The Select Aisle Milk Compound Chocolate Bar 500 g | B12: CHCSSA04 | C12: =IFERROR(VLOOKUP(B12,Sheet8!$T$2:$V$63,3,FALSE),"-") -> - | D12: =IFERROR(VLOOKUP(B12,Sheet8!$O$2:$Q$65,3,FALSE),"-") -> - | E12: =IFERROR(VLOOKUP(B12,Sheet8!$J$2:$L$74,3,FALSE),"-") -> 3250 | F12: =VLOOKUP(B12,Sheet8!$F$2:$H$74,3,FALSE) -> 3250 | G12: =VLOOKUP(B12,Sheet8!$A$2:$C$75,3,FALSE) -> 4500 | H12: 4975
A13: The Select Aisle White Compound Chocolate Bar 500 g | B13: CHCSSA05 | C13: =IFERROR(VLOOKUP(B13,Sheet8!$T$2:$V$63,3,FALSE),"-") -> - | D13: =IFERROR(VLOOKUP(B13,Sheet8!$O$2:$Q$65,3,FALSE),"-") -> - | E13: =IFERROR(VLOOKUP(B13,Sheet8!$J$2:$L$74,3,FALSE),"-") -> 2800 | F13: =VLOOKUP(B13,Sheet8!$F$2:$H$74,3,FALSE) -> 2800 | G13: =VLOOKUP(B13,Sheet8!$A$2:$C$75,3,FALSE) -> 4000 | H13: 4625
A14: The Select Aisle Dark Compound Chocolate Slab 150g | B14: CHCSSA02 | C14: =IFERROR(VLOOKUP(B14,Sheet8!$T$2:$V$63,3,FALSE),"-") -> 4937.2166 | D14: =IFERROR(VLOOKUP(B14,Sheet8!$O$2:$Q$65,3,FALSE),"-") -> 4937.2166 | E14: =IFERROR(VLOOKUP(B14,Sheet8!$J$2:$L$74,3,FALSE),"-") -> 9800 | F14: =VLOOKUP(B14,Sheet8!$F$2:$H$74,3,FALSE) -> 9800 | G14: =VLOOKUP(B14,Sheet8!$A$2:$C$75,3,FALSE) -> 11700 | H14: 6684.8083
A15: The Select Aisle Milk Compound Chocolate Slab 150g | B15: CHCSSA03 | C15: =IFERROR(VLOOKUP(B15,Sheet8!$T$2:$V$63,3,FALSE),"-") -> 3945.2156 | D15: =IFERROR(VLOOKUP(B15,Sheet8!$O$2:$Q$65,3,FALSE),"-") -> 3945.2156 | E15: =IFERROR(VLOOKUP(B15,Sheet8!$J$2:$L$74,3,FALSE),"-") -> 8000 | F15: =VLOOKUP(B15,Sheet8!$F$2:$H$74,3,FALSE) -> 8000 | G15: =VLOOKUP(B15,Sheet8!$A$2:$C$75,3,FALSE) -> 7700 | H15: 4600
... A18: The Select Aisle Drinking Chocolate 200g | B18: SAHC02 | C18: =IFERROR(VLOOKUP(B18,Sheet8!$T$2:$V$63,3,FALSE),"-") -> 3888.8819 | D18: =IFERROR(VLOOKUP(B18,Sheet8!$O$2:$Q$65,3,FALSE),"-") -> 3888.8819 | E18: =IFERROR(VLOOKUP(B18,Sheet8!$J$2:$L$74,3,FALSE),"-") -> 4449.1619 | F18: =VLOOKUP(B18,Sheet8!$F$2:$H$74,3,FALSE) -> 4449.1619 | G18: =VLOOKUP(B18,Sheet8!$A$2:$C$75,3,FALSE) -> 6400 | H18: 7326.3636
A19: Functional Ingredients
A20: The Select Aisle Baking Soda - 100g | B20: BSLASA04 | C20: =IFERROR(VLOOKUP(B20,Sheet8!$T$2:$V$63,3,FALSE),"-") -> 43854.272 | D20: =IFERROR(VLOOKUP(B20,Sheet8!$O$2:$Q$65,3,FALSE),"-") -> 43854.272 | E20: =IFERROR(VLOOKUP(B20,Sheet8!$J$2:$L$74,3,FALSE),"-") -> 39377.762 | F20: =VLOOKUP(B20,Sheet8!$F$2:$H$74,3,FALSE) -> 39377.762 | G20: =VLOOKUP(B20,Sheet8!$A$2:$C$75,3,FALSE) -> 41500 | H20: 38042.87
A21: The Select Aisle Baking Soda - 1kg | B21: BSLASA08 | C21: =IFERROR(VLOOKUP(B21,Sheet8!$T$2:$V$63,3,FALSE),"-") -> 1000 | D21: =IFERROR(VLOOKUP(B21,Sheet8!$O$2:$Q$65,3,FALSE),"-") -> 1000 | E21: =IFERROR(VLOOKUP(B21,Sheet8!$J$2:$L$74,3,FALSE),"-") -> 1000 | F21: =VLOOKUP(B21,Sheet8!$F$2:$H$74,3,FALSE) -> 1000 | G21: =VLOOKUP(B21,Sheet8!$A$2:$C$75,3,FALSE) -> 1500 | H21: 1500
A22: The Select Aisle Double Acting Baking Powder - 100g | B22: BSLASA05 | C22: =IFERROR(VLOOKUP(B22,Sheet8!$T$2:$V$63,3,FALSE),"-") -> 23446.594 | D22: =IFERROR(VLOOKUP(B22,Sheet8!$O$2:$Q$65,3,FALSE),"-") -> 23446.594 | E22: =IFERROR(VLOOKUP(B22,Sheet8!$J$2:$L$74,3,FALSE),"-") -> 24387.528 | F22: =VLOOKUP(B22,Sheet8!$F$2:$H$74,3,FALSE) -> 24387.528 | G22: =VLOOKUP(B22,Sheet8!$A$2:$C$75,3,FALSE) -> 30500 | H22: 27177.739
A23: The Select Aisle Dry Instant Yeast - 25g | B23: BIFISA07 | C23: =IFERROR(VLOOKUP(B23,Sheet8!$T$2:$V$63,3,FALSE),"-") -> 92890.7 | D23: =IFERROR(VLOOKUP(B23,Sheet8!$O$2:$Q$65,3,FALSE),"-") -> 92890.7 | E23: =IFERROR(VLOOKUP(B23,Sheet8!$J$2:$L$74,3,FALSE),"-") -> 105568.79 | F23: =VLOOKUP(B23,Sheet8!$F$2:$H$74,3,FALSE) -> 105568.79 | G23: =VLOOKUP(B23,Sheet8!$A$2:$C$75,3,FALSE) -> 152000 | H23: 159792.26
A24: The Select Aisle Dry Instant Yeast - 75g | B24: BIFISA03 | C24: =IFERROR(VLOOKUP(B24,Sheet8!$T$2:$V$63,3,FALSE),"-") -> 7708.6891 | D24: =IFERROR(VLOOKUP(B24,Sheet8!$O$2:$Q$65,3,FALSE),"-") -> 7708.6891 | E24: =IFERROR(VLOOKUP(B24,Sheet8!$J$2:$L$74,3,FALSE),"-") -> 8173.1116 | F24: =VLOOKUP(B24,Sheet8!$F$2:$H$74,3,FALSE) -> 8173.1116 | G24: =VLOOKUP(B24,Sheet8!$A$2:$C$75,3,FALSE) -> 9000 | H24: 9350
A25: The Select Aisle Agar Agar - 20g | B25: BIFISA09 | C25: =IFERROR(VLOOKUP(B25,Sheet8!$T$2:$V$63,3,FALSE),"-") -> 19513.554 | D25: =IFERROR(VLOOKUP(B25,Sheet8!$O$2:$Q$65,3,FALSE),"-") -> 19513.554 | E25: =IFERROR(VLOOKUP(B25,Sheet8!$J$2:$L$74,3,FALSE),"-") -> 14949.539 | F25: =VLOOKUP(B25,Sheet8!$F$2:$H$74,3,FALSE) -> 14949.539 | G25: =VLOOKUP(B25,Sheet8!$A$2:$C$75,3,FALSE) -> 10900 | H25: 10201
A26: The Select Aisle Gelatin | B26: BIFISA11 | C26: =IFERROR(VLOOKUP(B26,Sheet8!$T$2:$V$63,3,FALSE),"-") -> 7199.7702 | D26: =IFERROR(VLOOKUP(B26,Sheet8!$O$2:$Q$65,3,FALSE),"-") -> 7199.7702 | E26: =IFERROR(VLOOKUP(B26,Sheet8!$J$2:$L$74,3,FALSE),"-") -> 7729.9887 | F26: =VLOOKUP(B26,Sheet8!$F$2:$H$74,3,FALSE) -> 7729.9887 | G26: =VLOOKUP(B26,Sheet8!$A$2:$C$75,3,FALSE) -> 8321.6557 | H26: 8205.5729
A27: The Select Aisle Citric Acid | B27: BSLASA10 | C27: =IFERROR(VLOOKUP(B27,Sheet8!$T$2:$V$63,3,FALSE),"-") -> 7137.241 | D27: =IFERROR(VLOOKUP(B27,Sheet8!$O$2:$Q$65,3,FALSE),"-") -> 7137.241 | E27: =IFERROR(VLOOKUP(B27,Sheet8!$J$2:$L$74,3,FALSE),"-") -> 10049.782 | F27: =VLOOKUP(B27,Sheet8!$F$2:$H$74,3,FALSE) -> 10049.782 | G27: =VLOOKUP(B27,Sheet8!$A$2:$C$75,3,FALSE) -> 12500 | H27: 12700
A28: The Select Aisle Corn Flour | B28: BIFISA10 | C28: =IFERROR(VLOOKUP(B28,Sheet8!$T$2:$V$63,3,FALSE),"-") -> 43059.573 | D28: =IFERROR(VLOOKUP(B28,Sheet8!$O$2:$Q$65,3,FALSE),"-") -> 43059.573 | E28: =IFERROR(VLOOKUP(B28,Sheet8!$J$2:$L$74,3,FALSE),"-") -> 48086.526 | F28: =VLOOKUP(B28,Sheet8!$F$2:$H$74,3,FALSE) -> 48086.526 | G28: =VLOOKUP(B28,Sheet8!$A$2:$C$75,3,FALSE) -> 54500 | H28: 54900
A29: The Select Aisle Icing Sugar 300g | B29: BISWSA05 | C29: =IFERROR(VLOOKUP(B29,Sheet8!$T$2:$V$63,3,FALSE),"-") -> 4585.7011 | D29: =IFERROR(VLOOKUP(B29,Sheet8!$O$2:$Q$65,3,FALSE),"-") -> 4585.7011 | E29: =IFERROR(VLOOKUP(B29,Sheet8!$J$2:$L$74,3,FALSE),"-") -> 4548.9255 | F29: =VLOOKUP(B29,Sheet8!$F$2:$H$74,3,FALSE) -> 4548.9255 | G29: =VLOOKUP(B29,Sheet8!$A$2:$C$75,3,FALSE) -> 5014.0246 | H29: 4032.3051
A30: The Select Aisle T55 Baking Flour - 453g | B30: BSFLSA03 | C30: =IFERROR(VLOOKUP(B30,Sheet8!$T$2:$V$63,3,FALSE),"-") -> 100 | D30: =IFERROR(VLOOKUP(B30,Sheet8!$O$2:$Q$65,3,FALSE),"-") -> 100 | E30: =IFERROR(VLOOKUP(B30,Sheet8!$J$2:$L$74,3,FALSE),"-") -> 0 | F30: =VLOOKUP(B30,Sheet8!$F$2:$H$74,3,FALSE) -> 0 | G30: =VLOOKUP(B30,Sheet8!$A$2:$C$75,3,FALSE) -> 0 | H30: 0
A31: Colours & Flavours
A32: The Select Aisle Vanilla Essence 30 ml | B32: BIEFSA15 | C32: =IFERROR(VLOOKUP(B32,Sheet8!$T$2:$V$63,3,FALSE),"-") -> 52491.81 | D32: =IFERROR(VLOOKUP(B32,Sheet8!$O$2:$Q$65,3,FALSE),"-") -> 52491.81 | E32: =IFERROR(VLOOKUP(B32,Sheet8!$J$2:$L$74,3,FALSE),"-") -> 65525.572 | F32: =VLOOKUP(B32,Sheet8!$F$2:$H$74,3,FALSE) -> 65525.572 | G32: =VLOOKUP(B32,Sheet8!$A$2:$C$75,3,FALSE) -> 78500 | H32: 81541.461
A33: The Select Aisle Vanilla Flavour - 100ml | B33: BIEFSA01 | C33: =IFERROR(VLOOKUP(B33,Sheet8!$T$2:$V$63,3,FALSE),"-") -> 13706.729 | D33: =IFERROR(VLOOKUP(B33,Sheet8!$O$2:$Q$65,3,FALSE),"-") -> 13706.729 | E33: =IFERROR(VLOOKUP(B33,Sheet8!$J$2:$L$74,3,FALSE),"-") -> 17347.345 | F33: =VLOOKUP(B33,Sheet8!$F$2:$H$74,3,FALSE) -> 17347.345 | G33: =VLOOKUP(B33,Sheet8!$A$2:$C$75,3,FALSE) -> 20500 | H33: 20595.878
A34: The Select Aisle Vanilla Extract - 30ml | B34: BIEFSA16 | C34: =IFERROR(VLOOKUP(B34,Sheet8!$T$2:$V$63,3,FALSE),"-") -> 9080.3583 | D34: =IFERROR(VLOOKUP(B34,Sheet8!$O$2:$Q$65,3,FALSE),"-") -> 9080.3583 | E34: =IFERROR(VLOOKUP(B34,Sheet8!$J$2:$L$74,3,FALSE),"-") -> 10353.354 | F34: =VLOOKUP(B34,Sheet8!$F$2:$H$74,3,FALSE) -> 10353.354 | G34: =VLOOKUP(B34,Sheet8!$A$2:$C$75,3,FALSE) -> 12100 | H34: 13815
A35: The Select Aisle Yellow Gel Food Colour 30ml | B35: CDCLSA05 | C35: =IFERROR(VLOOKUP(B35,Sheet8!$T$2:$V$63,3,FALSE),"-") -> 2551.4118 | D35: =IFERROR(VLOOKUP(B35,Sheet8!$O$2:$Q$65,3,FALSE),"-") -> 2551.4118 | E35: =IFERROR(VLOOKUP(B35,Sheet8!$J$2:$L$74,3,FALSE),"-") -> 2025.0131 | F35: =VLOOKUP(B35,Sheet8!$F$2:$H$74,3,FALSE) -> 2025.0131 | G35: =VLOOKUP(B35,Sheet8!$A$2:$C$75,3,FALSE) -> 2600 | H35: 2022.013
A36: The Select Aisle Red Gel Food Colour 30ml | B36: CDCLSA01 | C36: =IFERROR(VLOOKUP(B36,Sheet8!$T$2:$V$63,3,FALSE),"-") -> 3432.7444 | D36: =IFERROR(VLOOKUP(B36,Sheet8!$O$2:$Q$65,3,FALSE),"-") -> 3432.7444 | E36: =IFERROR(VLOOKUP(B36,Sheet8!$J$2:$L$74,3,FALSE),"-") -> 2769.4815 | F36: =VLOOKUP(B36,Sheet8!$F$2:$H$74,3,FALSE) -> 2769.4815 | G36: =VLOOKUP(B36,Sheet8!$A$2:$C$75,3,FALSE) -> 3531.7173 | H36: 3037.5896
A37: The Select Aisle Dark Green Gel Food Colour 30ml | B37: CDCLSA02 | C37: =IFERROR(VLOOKUP(B37,Sheet8!$T$2:$V$63,3,FALSE),"-") -> 0 | D37: =IFERROR(VLOOKUP(B37,Sheet8!$O$2:$Q$65,3,FALSE),"-") -> 0 | E37: =IFERROR(VLOOKUP(B37,Sheet8!$J$2:$L$74,3,FALSE),"-") -> 0 | F37: =VLOOKUP(B37,Sheet8!$F$2:$H$74,3,FALSE) -> 0 | G37: =VLOOKUP(B37,Sheet8!$A$2:$C$75,3,FALSE) -> 0 | H37: 0
A38: The Select Aisle Dark Blue Gel Food Colour 30ml | B38: CDCLSA03 | C38: =IFERROR(VLOOKUP(B38,Sheet8!$T$2:$V$63,3,FALSE),"-") -> - | D38: =IFERROR(VLOOKUP(B38,Sheet8!$O$2:$Q$65,3,FALSE),"-") -> - | E38: =IFERROR(VLOOKUP(B38,Sheet8!$J$2:$L$74,3,FALSE),"-") -> - | F38: =VLOOKUP(B38,Sheet8!$F$2:$H$74,3,FALSE) -> - | G38: =VLOOKUP(B38,Sheet8!$A$2:$C$75,3,FALSE) -> - | H38: -
A39: The Select Aisle Sky Blue Gel Food Colour 30ml | B39: CDCLSA04 | C39: =IFERROR(VLOOKUP(B39,Sheet8!$T$2:$V$63,3,FALSE),"-") -> 2385.7289 | D39: =IFERROR(VLOOKUP(B39,Sheet8!$O$2:$Q$65,3,FALSE),"-") -> 2385.7289 | E39: =IFERROR(VLOOKUP(B39,Sheet8!$J$2:$L$74,3,FALSE),"-") -> 2620.574 | F39: =VLOOKUP(B39,Sheet8!$F$2:$H$74,3,FALSE) -> 2620.574 | G39: =VLOOKUP(B39,Sheet8!$A$2:$C$75,3,FALSE) -> 3142.7206 | H39: 2711.1474
A40: The Select Aisle Orange Gel Food Colour 30ml | B40: CDCLSA06 | C40: =IFERROR(VLOOKUP(B40,Sheet8!$T$2:$V$63,3,FALSE),"-") -> 0 | D40: =IFERROR(VLOOKUP(B40,Sheet8!$O$2:$Q$65,3,FALSE),"-") -> 0 | E40: =IFERROR(VLOOKUP(B40,Sheet8!$J$2:$L$74,3,FALSE),"-") -> 0 | F40: =VLOOKUP(B40,Sheet8!$F$2:$H$74,3,FALSE) -> 0 | G40: =VLOOKUP(B40,Sheet8!$A$2:$C$75,3,FALSE) -> 0 | H40: 0
A41: The Select Aisle Purple Gel Food Colour 30ml | B41: CDCLSA07 | C41: =IFERROR(VLOOKUP(B41,Sheet8!$T$2:$V$63,3,FALSE),"-") -> 0 | D41: =IFERROR(VLOOKUP(B41,Sheet8!$O$2:$Q$65,3,FALSE),"-") -> 0 | E41: =IFERROR(VLOOKUP(B41,Sheet8!$J$2:$L$74,3,FALSE),"-") -> 0 | F41: =VLOOKUP(B41,Sheet8!$F$2:$H$74,3,FALSE) -> 0 | G41: =VLOOKUP(B41,Sheet8!$A$2:$C$75,3,FALSE) -> 0 | H41: 0
A42: The Select Aisle Pink Gel Food Colour 30ml | B42: CDCLSA08 | C42: =IFERROR(VLOOKUP(B42,Sheet8!$T$2:$V$63,3,FALSE),"-") -> - | D42: =IFERROR(VLOOKUP(B42,Sheet8!$O$2:$Q$65,3,FALSE),"-") -> - | E42: =IFERROR(VLOOKUP(B42,Sheet8!$J$2:$L$74,3,FALSE),"-") -> - | F42: =VLOOKUP(B42,Sheet8!$F$2:$H$74,3,FALSE) -> - | G42: =VLOOKUP(B42,Sheet8!$A$2:$C$75,3,FALSE) -> - | H42: -
A43: Cake Décor
A44: The Select Aisle Rainbow Sprinkles - 85g | B44: CDSPSA23 | C44: =IFERROR(VLOOKUP(B44,Sheet8!$T$2:$V$63,3,FALSE),"-") -> 5465.1596 | D44: =IFERROR(VLOOKUP(B44,Sheet8!$O$2:$Q$65,3,FALSE),"-") -> 5465.1596 | E44: =IFERROR(VLOOKUP(B44,Sheet8!$J$2:$L$74,3,FALSE),"-") -> 8247.2318 | F44: =VLOOKUP(B44,Sheet8!$F$2:$H$74,3,FALSE) -> 8247.2318 | G44: =VLOOKUP(B44,Sheet8!$A$2:$C$75,3,FALSE) -> 10325.675 | H44: 8278.2422
A45: The Select Aisle Sprinkles Combo Pack - Carnival - 100g | B45: CDSPSA40 | C45: =IFERROR(VLOOKUP(B45,Sheet8!$T$2:$V$63,3,FALSE),"-") -> 4387.5057 | D45: =IFERROR(VLOOKUP(B45,Sheet8!$O$2:$Q$65,3,FALSE),"-") -> 4387.5057 | E45: =IFERROR(VLOOKUP(B45,Sheet8!$J$2:$L$74,3,FALSE),"-") -> 3476.1163 | F45: =VLOOKUP(B45,Sheet8!$F$2:$H$74,3,FALSE) -> 3476.1163 | G45: =VLOOKUP(B45,Sheet8!$A$2:$C$75,3,FALSE) -> 5850 | H45: 5421
A46: The Select Aisle Christmas Sprinkles Combo Pack - 100g | B46: CDSPSA54 | C46: =IFERROR(VLOOKUP(B46,Sheet8!$T$2:$V$63,3,FALSE),"-") -> 0 | D46: =IFERROR(VLOOKUP(B46,Sheet8!$O$2:$Q$65,3,FALSE),"-") -> 0 | E46: =IFERROR(VLOOKUP(B46,Sheet8!$J$2:$L$74,3,FALSE),"-") -> 0 | F46: =VLOOKUP(B46,Sheet8!$F$2:$H$74,3,FALSE) -> 0 | G46: =VLOOKUP(B46,Sheet8!$A$2:$C$75,3,FALSE) -> 0 | H46: 0
A47: The Select Aisle Colourful Sugar Balls - 100g | B47: CDSPSA24 | C47: =IFERROR(VLOOKUP(B47,Sheet8!$T$2:$V$63,3,FALSE),"-") -> 3392.5836 | D47: =IFERROR(VLOOKUP(B47,Sheet8!$O$2:$Q$65,3,FALSE),"-") -> 3392.5836 | E47: =IFERROR(VLOOKUP(B47,Sheet8!$J$2:$L$74,3,FALSE),"-") -> 3426.9507 | F47: =VLOOKUP(B47,Sheet8!$F$2:$H$74,3,FALSE) -> 3426.9507 | G47: =VLOOKUP(B47,Sheet8!$A$2:$C$75,3,FALSE) -> 4200 | H47: 3616.0909
A48: The Select Aisle Sprinkles Combo Pack - Love - 100g | B48: CDSPSA44 | C48: =IFERROR(VLOOKUP(B48,Sheet8!$T$2:$V$63,3,FALSE),"-") -> 1444.1788 | D48: =IFERROR(VLOOKUP(B48,Sheet8!$O$2:$Q$65,3,FALSE),"-") -> 1444.1788 | E48: =IFERROR(VLOOKUP(B48,Sheet8!$J$2:$L$74,3,FALSE),"-") -> 1374.0665 | F48: =VLOOKUP(B48,Sheet8!$F$2:$H$74,3,FALSE) -> 1374.0665 | G48: =VLOOKUP(B48,Sheet8!$A$2:$C$75,3,FALSE) -> 1200 | H48: 1275.326
A49: TSA Tutti Frutti 100g | B49: CDTFSA01 | C49: =IFERROR(VLOOKUP(B49,Sheet8!$T$2:$V$63,3,FALSE),"-") -> 8466.2796 | D49: =IFERROR(VLOOKUP(B49,Sheet8!$O$2:$Q$65,3,FALSE),"-") -> 8466.2796 | E49: =IFERROR(VLOOKUP(B49,Sheet8!$J$2:$L$74,3,FALSE),"-") -> 13400 | F49: =VLOOKUP(B49,Sheet8!$F$2:$H$74,3,FALSE) -> 13400 | G49: =VLOOKUP(B49,Sheet8!$A$2:$C$75,3,FALSE) -> 12419.334 | H49: 13375.301
A50: Cake Mixes
A51: The Select Aisle Eggless Chocolate Cake Mix - 365g | B51: BICPSA02 | C51: =IFERROR(VLOOKUP(B51,Sheet8!$T$2:$V$63,3,FALSE),"-") -> 4046.788 | D51: =IFERROR(VLOOKUP(B51,Sheet8!$O$2:$Q$65,3,FALSE),"-") -> 4046.788 | E51: =IFERROR(VLOOKUP(B51,Sheet8!$J$2:$L$74,3,FALSE),"-") -> 4729.6419 | F51: =VLOOKUP(B51,Sheet8!$F$2:$H$74,3,FALSE) -> 4729.6419 | G51: =VLOOKUP(B51,Sheet8!$A$2:$C$75,3,FALSE) -> 6350 | H51: 3940.6875
A52: The Select Aisle Eggless Vanilla Cake Mix - 365g | B52: BICPSA01 | C52: =IFERROR(VLOOKUP(B52,Sheet8!$T$2:$V$63,3,FALSE),"-") -> 2423.3511 | D52: =IFERROR(VLOOKUP(B52,Sheet8!$O$2:$Q$65,3,FALSE),"-") -> 2423.3511 | E52: =IFERROR(VLOOKUP(B52,Sheet8!$J$2:$L$74,3,FALSE),"-") -> 4573.2707 | F52: =VLOOKUP(B52,Sheet8!$F$2:$H$74,3,FALSE) -> 4573.2707 | G52: =VLOOKUP(B52,Sheet8!$A$2:$C$75,3,FALSE) -> 4250 | H52: 3886.087
A53: The Select Aisle Eggless Chocolate Cupcake Kit 190g | B53: BICCPSA01 | C53: =IFERROR(VLOOKUP(B53,Sheet8!$T$2:$V$63,3,FALSE),"-") -> 711.76237 | D53: =IFERROR(VLOOKUP(B53,Sheet8!$O$2:$Q$65,3,FALSE),"-") -> 711.76237 | E53: =IFERROR(VLOOKUP(B53,Sheet8!$J$2:$L$74,3,FALSE),"-") -> 1752.1473 | F53: =VLOOKUP(B53,Sheet8!$F$2:$H$74,3,FALSE) -> 1752.1473 | G53: =VLOOKUP(B53,Sheet8!$A$2:$C$75,3,FALSE) -> 1500 | H53: 840
A54: The Select Aisle Triple Brownie Mix | B54: BIBMSA01 | C54: =IFERROR(VLOOKUP(B54,Sheet8!$T$2:$V$63,3,FALSE),"-") -> 2173.7624 | D54: =IFERROR(VLOOKUP(B54,Sheet8!$O$2:$Q$65,3,FALSE),"-") -> 2173.7624 | E54: =IFERROR(VLOOKUP(B54,Sheet8!$J$2:$L$74,3,FALSE),"-") -> 845.21466 | F54: =VLOOKUP(B54,Sheet8!$F$2:$H$74,3,FALSE) -> 845.21466 | G54: =VLOOKUP(B54,Sheet8!$A$2:$C$75,3,FALSE) -> 1600 | H54: 1730
A55: TSA Double Chocolate Mug Cake Mix | B55: BIMCSA01 | C55: =IFERROR(VLOOKUP(B55,Sheet8!$T$2:$V$63,3,FALSE),"-") -> 4550.5861 | D55: =IFERROR(VLOOKUP(B55,Sheet8!$O$2:$Q$65,3,FALSE),"-") -> 4550.5861 | E55: =IFERROR(VLOOKUP(B55,Sheet8!$J$2:$L$74,3,FALSE),"-") -> 3822.2074 | F55: =VLOOKUP(B55,Sheet8!$F$2:$H$74,3,FALSE) -> 3822.2074 | G55: =VLOOKUP(B55,Sheet8!$A$2:$C$75,3,FALSE) -> 5100 | H55: 5576.8182
A56: Marshmallow
A57: The Select Aisle Marshmallow 20g | B57: SAMM01 | C57: =IFERROR(VLOOKUP(B57,Sheet8!$T$2:$V$63,3,FALSE),"-") -> 35768.728 | D57: =IFERROR(VLOOKUP(B57,Sheet8!$O$2:$Q$65,3,FALSE),"-") -> 35768.728 | E57: =IFERROR(VLOOKUP(B57,Sheet8!$J$2:$L$74,3,FALSE),"-") -> 34503.871 | F57: =VLOOKUP(B57,Sheet8!$F$2:$H$74,3,FALSE) -> 34503.871 | G57: =VLOOKUP(B57,Sheet8!$A$2:$C$75,3,FALSE) -> 50226.158 | H57: 49157.466
A58: The Select Aisle Fluffles 70g | B58: SAFLVM01 | C58: =IFERROR(VLOOKUP(B58,Sheet8!$T$2:$V$63,3,FALSE),"-") -> - | D58: =IFERROR(VLOOKUP(B58,Sheet8!$O$2:$Q$65,3,FALSE),"-") -> - | E58: =IFERROR(VLOOKUP(B58,Sheet8!$J$2:$L$74,3,FALSE),"-") -> - | F58: =VLOOKUP(B58,Sheet8!$F$2:$H$74,3,FALSE) -> - | G58: =VLOOKUP(B58,Sheet8!$A$2:$C$75,3,FALSE) -> - | H58: -
A59: Seasonings
A60: TSA Paneer Poppers Mix 70g | B60: PMPPSA01 | C60: =IFERROR(VLOOKUP(B60,Sheet8!$T$2:$V$63,3,FALSE),"-") -> 601.0101 | D60: =IFERROR(VLOOKUP(B60,Sheet8!$O$2:$Q$65,3,FALSE),"-") -> 601.0101 | E60: =IFERROR(VLOOKUP(B60,Sheet8!$J$2:$L$74,3,FALSE),"-") -> 0 | F60: =VLOOKUP(B60,Sheet8!$F$2:$H$74,3,FALSE) -> 0 | G60: =VLOOKUP(B60,Sheet8!$A$2:$C$75,3,FALSE) -> 0 | H60: 0
A61: TSA Chicken Poppers Mix 70g | B61: PMCPSA01 | C61: =IFERROR(VLOOKUP(B61,Sheet8!$T$2:$V$63,3,FALSE),"-") -> 702.0202 | D61: =IFERROR(VLOOKUP(B61,Sheet8!$O$2:$Q$65,3,FALSE),"-") -> 702.0202 | E61: =IFERROR(VLOOKUP(B61,Sheet8!$J$2:$L$74,3,FALSE),"-") -> 0 | F61: =VLOOKUP(B61,Sheet8!$F$2:$H$74,3,FALSE) -> 0 | G61: =VLOOKUP(B61,Sheet8!$A$2:$C$75,3,FALSE) -> 0 | H61: 0
A62: TSA Panko Bread Crumbs (Granular) 50g | B62: COBCSA02 | C62: =IFERROR(VLOOKUP(B62,Sheet8!$T$2:$V$63,3,FALSE),"-") -> 37959.673 | D62: =IFERROR(VLOOKUP(B62,Sheet8!$O$2:$Q$65,3,FALSE),"-") -> 37959.673 | E62: =IFERROR(VLOOKUP(B62,Sheet8!$J$2:$L$74,3,FALSE),"-") -> 14900 | F62: =VLOOKUP(B62,Sheet8!$F$2:$H$74,3,FALSE) -> 14900 | G62: =VLOOKUP(B62,Sheet8!$A$2:$C$75,3,FALSE) -> 20700 | H62: 20700
A63: Mixes
A64: Custard | B64: CPVSA02 | C64: =IFERROR(VLOOKUP(B64,Sheet8!$T$2:$V$63,3,FALSE),"-") -> 5255.041 | D64: =IFERROR(VLOOKUP(B64,Sheet8!$O$2:$Q$65,3,FALSE),"-") -> 5255.041 | E64: =IFERROR(VLOOKUP(B64,Sheet8!$J$2:$L$74,3,FALSE),"-") -> 0 | F64: =VLOOKUP(B64,Sheet8!$F$2:$H$74,3,FALSE) -> 0 | G64: =VLOOKUP(B64,Sheet8!$A$2:$C$75,3,FALSE) -> 0 | H64: 0
A65: RTC
A66: Kunafa Shreds | B66: SARKS01 | C66: =IFERROR(VLOOKUP(B66,Sheet8!$T$2:$V$63,3,FALSE),"-") -> - | D66: =IFERROR(VLOOKUP(B66,Sheet8!$O$2:$Q$65,3,FALSE),"-") -> 425.93626 | E66: =IFERROR(VLOOKUP(B66,Sheet8!$J$2:$L$74,3,FALSE),"-") -> 600 | F66: =VLOOKUP(B66,Sheet8!$F$2:$H$74,3,FALSE) -> 600 | G66: =VLOOKUP(B66,Sheet8!$A$2:$C$75,3,FALSE) -> 0 | H66: 0
A67: Seller Cenral SKUs
A68: Halim Seeds 250g | B68: SAHAS01 | C68: =IFERROR(VLOOKUP(B68,Sheet8!$T$2:$V$63,3,FALSE),"-") -> - | D68: =IFERROR(VLOOKUP(B68,Sheet8!$O$2:$Q$65,3,FALSE),"-") -> - | E68: =IFERROR(VLOOKUP(B68,Sheet8!$J$2:$L$74,3,FALSE),"-") -> 1200 | F68: =VLOOKUP(B68,Sheet8!$F$2:$H$74,3,FALSE) -> 1200 | G68: =VLOOKUP(B68,Sheet8!$A$2:$C$75,3,FALSE) -> 1000 | H68: 0
A69: Halim Seeds 500g | B69: SAHAS02 | C69: =IFERROR(VLOOKUP(B69,Sheet8!$T$2:$V$63,3,FALSE),"-") -> - | D69: =IFERROR(VLOOKUP(B69,Sheet8!$O$2:$Q$65,3,FALSE),"-") -> - | E69: =IFERROR(VLOOKUP(B69,Sheet8!$J$2:$L$74,3,FALSE),"-") -> 700 | F69: =VLOOKUP(B69,Sheet8!$F$2:$H$74,3,FALSE) -> 700 | G69: =VLOOKUP(B69,Sheet8!$A$2:$C$75,3,FALSE) -> 1000 | H69: 0
A70: Dark Choco Chips 1kg | B70: CHCCSA52 | C70: =IFERROR(VLOOKUP(B70,Sheet8!$T$2:$V$63,3,FALSE),"-") -> - | D70: =IFERROR(VLOOKUP(B70,Sheet8!$O$2:$Q$65,3,FALSE),"-") -> - | E70: =IFERROR(VLOOKUP(B70,Sheet8!$J$2:$L$74,3,FALSE),"-") -> 50 | F70: =VLOOKUP(B70,Sheet8!$F$2:$H$74,3,FALSE) -> 50 | G70: =VLOOKUP(B70,Sheet8!$A$2:$C$75,3,FALSE) -> 0 | H70: 0
A71: White Choco Chips 1kg | B71: CHCCSA53 | C71: =IFERROR(VLOOKUP(B71,Sheet8!$T$2:$V$63,3,FALSE),"-") -> - | D71: =IFERROR(VLOOKUP(B71,Sheet8!$O$2:$Q$65,3,FALSE),"-") -> - | E71: =IFERROR(VLOOKUP(B71,Sheet8!$J$2:$L$74,3,FALSE),"-") -> 50 | F71: =VLOOKUP(B71,Sheet8!$F$2:$H$74,3,FALSE) -> 50 | G71: =VLOOKUP(B71,Sheet8!$A$2:$C$75,3,FALSE) -> 0 | H71: 0
A72: Monk Fruit 170g | B72: BISWSA06 | C72: =IFERROR(VLOOKUP(B72,Sheet8!$T$2:$V$63,3,FALSE),"-") -> - | D72: =IFERROR(VLOOKUP(B72,Sheet8!$O$2:$Q$65,3,FALSE),"-") -> - | E72: =IFERROR(VLOOKUP(B72,Sheet8!$J$2:$L$74,3,FALSE),"-") -> 400 | F72: =VLOOKUP(B72,Sheet8!$F$2:$H$74,3,FALSE) -> 400 | G72: =VLOOKUP(B72,Sheet8!$A$2:$C$75,3,FALSE) -> 500 | H72: 0
A73: Cocoa Powder 500g | B73: CHCOSA07 | C73: =IFERROR(VLOOKUP(B73,Sheet8!$T$2:$V$63,3,FALSE),"-") -> - | D73: =IFERROR(VLOOKUP(B73,Sheet8!$O$2:$Q$65,3,FALSE),"-") -> - | E73: =IFERROR(VLOOKUP(B73,Sheet8!$J$2:$L$74,3,FALSE),"-") -> 50 | F73: =VLOOKUP(B73,Sheet8!$F$2:$H$74,3,FALSE) -> 50 | G73: =VLOOKUP(B73,Sheet8!$A$2:$C$75,3,FALSE) -> 0 | H73: 0
A74: Nutritional Yeast Flakes 45g | B74: SANYF01 | C74: =IFERROR(VLOOKUP(B74,Sheet8!$T$2:$V$63,3,FALSE),"-") -> - | D74: =IFERROR(VLOOKUP(B74,Sheet8!$O$2:$Q$65,3,FALSE),"-") -> - | E74: =IFERROR(VLOOKUP(B74,Sheet8!$J$2:$L$74,3,FALSE),"-") -> - | F74: - | G74: =VLOOKUP(B74,Sheet8!$A$2:$C$75,3,FALSE) -> 200 | H74: 0

Sheet Factors used for Forecast
A1: Factors | B1: Data Source | C1: Notes
A2: Primary by channel | B2: Zoho Books/ERP
A3: Primary by location | B3: Zoho Books/ERP
A4: Secondary by channel | B4: Channel Dashboards
A5: Secondary by city | B5: Channel Dashboards
A6: Fill rate by channel | B6: Channel Dashboards
A7: Fill rate by SKU | B7: Channel Dashboards
A8: Fill rate by FC | B8: Zoho Books/ERP
A9: Category size | B9: GobbleCube/Dcluttr
A10: Market share | B10: GobbleCube/Dcluttr
A11: Seasonality | B11: GobbleCube/Dcluttr
A12: Competition availability | B12: GobbleCube/Dcluttr
A13: Targets | B13: Internal
A14: Contribution by value | B14: Channel Dashboards
A15: Customers mapped to FC | B15: Zoho Books/ERP | C15: Fulfillment Center
A16: DOH | B16: Channel Dashboards | C16: Days on Hand Inventory
A17: SOH Value | B17: Channel Dashboards | C17: Stock on Hand Value
